proposal_id,ring_id,source_type,anchor_experience_id,candidate_experience_id,candidate_trial_kind,delta_k_center_norm,delta_k_width_norm,delta_ab_offset_norm_json,delta_arc_width_norm_json,delta_form_params_json,label_gt_miou,label_regret_vs_ceiling,label_rank_within_ring_pool,label_success_flag,top_frac_bucket,deployment_recipe
sam4tun:1-1/r20:from_016,1-1/r20,SAM4Tun,v4:1-1/r20:t000,v4:1-1/r20:t016,perturb_small_segment,-0.320240141471298,0.007504486419473905,"{""A1"": 1.7945677895536694e-05, ""A2"": -0.007468595063682804, ""A3"": -0.0149551358052612, ""B1"": 0.007504486419473891, ""B2"": -0.022441676546839484, ""K"": 0.0}","{""A1"": -0.007486540741578368, ""A2"": -0.007486540741578368, ""A3"": -0.007486540741578229, ""B1"": -0.007486540741578368, ""B2"": 0.02244167654683943, ""K"": 0.007504486419473891}","{""hough_horizontal_threshold"": 49.0, ""hough_oblique_threshold"": -8.0, ""line_merge_distance"": -8.7933, ""line_snap_tolerance_px"": -4.284799999999997, ""r_surface_min"": 0.5967000000000002, ""r_surface_min_frac"": 0.830095, ""segmentation_slot_inset_y"": 0.0934}",0.5333374422857214,0.3494625577142786,1.0,1,0.2,candidate = SAM4Tun_prior + retrieved_successful_delta
sam4tun:1-1/r20:from_057,1-1/r20,SAM4Tun,v4:1-1/r20:t000,v4:1-1/r20:t057,bo,-0.34216119780978127,-0.022834038702686604,"{""A1"": -0.09870768204567565, ""A2"": 0.31871136412454754, ""A3"": 0.005247725038713846, ""B1"": -0.022834038702686556, ""B2"": -0.0003318491895241138, ""K"": 0.0}","{""A1"": 0.4174190461702232, ""A2"": 0.6865363609141665, ""A3"": -0.005579574228237988, ""B1"": -0.07587364334298907, ""B2"": 0.00033184918952408604, ""K"": -0.022834038702686556}","{""hough_horizontal_threshold"": -20.0, ""hough_oblique_threshold"": 51.0, ""line_merge_distance"": -9.763, ""line_snap_tolerance_px"": 25.006500000000003, ""r_surface_min"": 0.0022999999999999687, ""r_surface_min_frac"": 0.0032, ""segmentation_slot_inset_y"": 3.6129}",0.5063576433907427,0.3494625577142786,2.0,1,0.2,candidate = SAM4Tun_prior + retrieved_successful_delta
sam4tun:1-1/r20:from_019,1-1/r20,SAM4Tun,v4:1-1/r20:t000,v4:1-1/r20:t019,perturb_wrong_r_high,-0.320240141471298,0.5667307409104844,"{""A1"": 0.2641355922774094, ""A2"": 0.05940484032982152, ""A3"": -0.37744021377793036, ""B1"": 0.5667307409104844, ""B2"": -0.8006476510043337, ""K"": 0.0}","{""A1"": 0.7952692480524121, ""A2"": 0.5631549458922482, ""A3"": 0.5767925627735968, ""B1"": 0.6974048513669251, ""B2"": 0.8006476510043337, ""K"": 0.5667307409104844}","{""hough_horizontal_threshold"": 49.0, ""hough_oblique_threshold"": -8.0, ""line_merge_distance"": -8.7933, ""line_snap_tolerance_px"": -4.284799999999997, ""r_surface_min"": 0.6829000000000001, ""r_surface_min_frac"": 0.950011, ""segmentation_slot_inset_y"": 0.0934}",0.4134414391618705,0.3494625577142786,3.0,1,0.2,candidate = SAM4Tun_prior + retrieved_successful_delta
sam4tun:1-1/r20:from_003,1-1/r20,SAM4Tun,v4:1-1/r20:t000,v4:1-1/r20:t003,random,-0.320240141471298,0.5667307409104844,"{""A1"": 0.2641355922774094, ""A2"": 0.05940484032982152, ""A3"": -0.37744021377793036, ""B1"": 0.5667307409104844, ""B2"": -0.8006476510043337, ""K"": 0.0}","{""A1"": 0.7952692480524121, ""A2"": 0.5631549458922482, ""A3"": 0.5767925627735968, ""B1"": 0.6974048513669251, ""B2"": 0.8006476510043337, ""K"": 0.5667307409104844}","{""hough_horizontal_threshold"": 49.0, ""hough_oblique_threshold"": -8.0, ""line_merge_distance"": -8.7933, ""line_snap_tolerance_px"": -4.284799999999997, ""r_surface_min"": 0.5967000000000002, ""r_surface_min_frac"": 0.830095, ""segmentation_slot_inset_y"": 0.0934}",0.4062023646995905,0.4765976353004095,4.0,1,0.2,candidate = SAM4Tun_prior + retrieved_successful_delta
sam4tun:1-1/r20:from_020,1-1/r20,SAM4Tun,v4:1-1/r20:t000,v4:1-1/r20:t020,perturb_weak_hough,-0.320240141471298,0.5667307409104844,"{""A1"": 0.2641355922774094, ""A2"": 0.05940484032982152, ""A3"": -0.37744021377793036, ""B1"": 0.5667307409104844, ""B2"": -0.8006476510043337, ""K"": 0.0}","{""A1"": 0.7952692480524121, ""A2"": 0.5631549458922482, ""A3"": 0.5767925627735968, ""B1"": 0.6974048513669251, ""B2"": 0.8006476510043337, ""K"": 0.5667307409104844}","{""hough_horizontal_threshold"": 80.0, ""hough_oblique_threshold"": 45.0, ""line_merge_distance"": -8.7933, ""line_snap_tolerance_px"": -4.284799999999997, ""r_surface_min"": 0.5967000000000002, ""r_surface_min_frac"": 0.830095, ""segmentation_slot_inset_y"": 0.0934}",0.4062023646995905,0.3494625577142786,4.0,1,0.2,candidate = SAM4Tun_prior + retrieved_successful_delta
sam4tun:1-1/r20:from_015,1-1/r20,SAM4Tun,v4:1-1/r20:t000,v4:1-1/r20:t015,perturb_ambiguous_lines,-0.320240141471298,0.5667307409104844,"{""A1"": 0.2641355922774094, ""A2"": 0.05940484032982152, ""A3"": -0.37744021377793036, ""B1"": 0.5667307409104844, ""B2"": -0.8006476510043337, ""K"": 0.0}","{""A1"": 0.7952692480524121, ""A2"": 0.5631549458922482, ""A3"": 0.5767925627735968, ""B1"": 0.6974048513669251, ""B2"": 0.8006476510043337, ""K"": 0.5667307409104844}","{""hough_horizontal_threshold"": 49.0, ""hough_oblique_threshold"": -8.0, ""line_merge_distance"": -0.5337999999999994, ""line_snap_tolerance_px"": 39.8172, ""r_surface_min"": 0.5967000000000002, ""r_surface_min_frac"": 0.830095, ""segmentation_slot_inset_y"": 0.0934}",0.4062023646995905,0.4765976353004095,4.0,1,0.2,candidate = SAM4Tun_prior + retrieved_successful_delta
sam4tun:1-1/r20:from_013,1-1/r20,SAM4Tun,v4:1-1/r20:t000,v4:1-1/r20:t013,perturb_wrong_r_low,-0.320240141471298,0.5667307409104844,"{""A1"": 0.2641355922774094, ""A2"": 0.05940484032982152, ""A3"": -0.37744021377793036, ""B1"": 0.5667307409104844, ""B2"": -0.8006476510043337, ""K"": 0.0}","{""A1"": 0.7952692480524121, ""A2"": 0.5631549458922482, ""A3"": 0.5767925627735968, ""B1"": 0.6974048513669251, ""B2"": 0.8006476510043337, ""K"": 0.5667307409104844}","{""hough_horizontal_threshold"": 49.0, ""hough_oblique_threshold"": -8.0, ""line_merge_distance"": -8.7933, ""line_snap_tolerance_px"": -4.284799999999997, ""r_surface_min"": 0.035900000000000265, ""r_surface_min_frac"": 0.049942, ""segmentation_slot_inset_y"": 0.0934}",0.4015403931940736,0.4765976353004095,7.0,1,0.2,candidate = SAM4Tun_prior + retrieved_successful_delta
sam4tun:1-1/r20:from_023,1-1/r20,SAM4Tun,v4:1-1/r20:t000,v4:1-1/r20:t023,perturb_wrong_r_low,-0.320240141471298,0.5667307409104844,"{""A1"": 0.2641355922774094, ""A2"": 0.05940484032982152, ""A3"": -0.37744021377793036, ""B1"": 0.5667307409104844, ""B2"": -0.8006476510043337, ""K"": 0.0}","{""A1"": 0.7952692480524121, ""A2"": 0.5631549458922482, ""A3"": 0.5767925627735968, ""B1"": 0.6974048513669251, ""B2"": 0.8006476510043337, ""K"": 0.5667307409104844}","{""hough_horizontal_threshold"": 49.0, ""hough_oblique_threshold"": -8.0, ""line_merge_distance"": -8.7933, ""line_snap_tolerance_px"": -4.284799999999997, ""r_surface_min"": 0.035900000000000265, ""r_surface_min_frac"": 0.049942, ""segmentation_slot_inset_y"": 0.0934}",0.4015403931940736,0.3494625577142786,7.0,1,0.2,candidate = SAM4Tun_prior + retrieved_successful_delta
sam4tun:1-1/r20:from_055,1-1/r20,SAM4Tun,v4:1-1/r20:t000,v4:1-1/r20:t055,bo,-0.3845385095479288,0.0457952963353528,"{""A1"": -0.21890384204671837, ""A2"": -0.2192509435771371, ""A3"": 0.06459605542906999, ""B1"": 0.0457952963353528, ""B2"": 0.04146241719052468, ""K"": 0.0}","{""A1"": -0.000347101530418753, ""A2"": 0.2838469990062072, ""A3"": -0.023133638238545334, ""B1"": 0.7353008616179288, ""B2"": -0.04146241719052471, ""K"": 0.0457952963353528}","{""hough_horizontal_threshold"": -7.0, ""hough_oblique_threshold"": -9.0, ""line_merge_distance"": -8.5455, ""line_snap_tolerance_px"": 39.653800000000004, ""r_surface_min"": 0.6167000000000002, ""r_surface_min_frac"": 0.857918, ""segmentation_slot_inset_y"": 10.2963}",0.3990244393595049,0.3494625577142786,9.0,1,0.2,candidate = SAM4Tun_prior + retrieved_successful_delta
sam4tun:1-1/r20:from_021,1-1/r20,SAM4Tun,v4:1-1/r20:t000,v4:1-1/r20:t021,perturb_misaligned,-0.2995005922168655,0.623318025925874,"{""A1"": 0.24405736738276845, ""A2"": 0.04719790749134595, ""A3"": -0.4130908035123084, ""B1"": 0.623318025925874, ""B2"": -0.8124416765468395, ""K"": 0.0}","{""A1"": 0.8031405401085775, ""A2"": 0.5397112889963457, ""A3"": 0.6006491269654689, ""B1"": 0.6207393414568945, ""B2"": -0.1875583234531605, ""K"": 0.623318025925874}","{""hough_horizontal_threshold"": 49.0, ""hough_oblique_threshold"": -8.0, ""line_merge_distance"": -8.7933, ""line_snap_tolerance_px"": -4.284799999999997, ""r_surface_min"": 0.5967000000000002, ""r_surface_min_frac"": 0.830095, ""segmentation_slot_inset_y"": 0.0934}",0.3955686370445241,0.3494625577142786,10.0,1,0.2,candidate = SAM4Tun_prior + retrieved_successful_delta
sam4tun:1-1/r20:from_054,1-1/r20,SAM4Tun,v4:1-1/r20:t000,v4:1-1/r20:t054,bo,-0.37064461772982776,0.6157023901894524,"{""A1"": -0.1159904075250397, ""A2"": -0.3587552930447851, ""A3"": -0.4068566421825972, ""B1"": 0.6157023901894524, ""B2"": -0.7262767247860623, ""K"": 0.0}","{""A1"": 0.7572351144802546, ""A2"": -0.048101349137812055, ""A3"": 0.6805799173965349, ""B1"": 0.26830720228550803, ""B2"": 0.7262767247860623, ""K"": 0.6157023901894524}","{""hough_horizontal_threshold"": 62.0, ""hough_oblique_threshold"": -8.0, ""line_merge_distance"": -8.94, ""line_snap_tolerance_px"": -3.8930000000000007, ""r_surface_min"": 0.07120000000000015, ""r_surface_min_frac"": 0.09905, ""segmentation_slot_inset_y"": 18.5469}",0.3937436508231747,0.3494625577142786,11.0,1,0.2,candidate = SAM4Tun_prior + retrieved_successful_delta
sam4tun:1-1/r20:from_035,1-1/r20,SAM4Tun,v4:1-1/r20:t000,v4:1-1/r20:t035,bo,-0.3368237227239196,0.06141608531342099,"{""A1"": -0.10983312899808556, ""A2"": 0.11140751703233703, ""A3"": -0.31405645171104224, ""B1"": 0.06141608531342098, ""B2"": -0.14726687837700514, ""K"": 0.0}","{""A1"": 0.2212406460304226, ""A2"": 0.5745360312566207, ""A3"": 0.16678957333403716, ""B1"": -0.17124921431150653, ""B2"": 0.1472668783770051, ""K"": 0.06141608531342098}","{""hough_horizontal_threshold"": 74.0, ""hough_oblique_threshold"": -5.0, ""line_merge_distance"": -6.6598, ""line_snap_tolerance_px"": 9.703499999999998, ""r_surface_min"": 0.3652000000000002, ""r_surface_min_frac"": 0.508045, ""segmentation_slot_inset_y"": 0.5633}",0.3688581655529843,0.3494625577142786,12.0,1,0.2,candidate = SAM4Tun_prior + retrieved_successful_delta
sam4tun:1-4/r206:from_058,1-4/r206,SAM4Tun,v4:1-4/r206:t000,v4:1-4/r206:t058,bo,0.5540533465111392,0.8845053262973359,"{""A1"": -0.037931219025107044, ""A2"": 0.42493044090219273, ""A3"": 0.05254822846260754, ""B1"": 0.8845053262973359, ""B2"": -0.5928152018878833, ""K"": 0.0}","{""A1"": 0.46286165992729966, ""A2"": 0.6276177875604149, ""A3"": 0.3546365696495092, ""B1"": 0.07756345467755699, ""B2"": 0.5928152018878833, ""K"": 0.8845053262973359}","{""hough_horizontal_threshold"": 68.0, ""hough_oblique_threshold"": 31.0, ""line_merge_distance"": -3.2093000000000007, ""line_snap_tolerance_px"": 10.341700000000003, ""r_surface_min"": 0.0017000000000000348, ""r_surface_min_frac"": 0.12302199999999999, ""segmentation_slot_inset_y"": 17.2907}",0.3082702333225179,0.626829766677482,1.0,1,0.2,candidate = SAM4Tun_prior + retrieved_successful_delta
sam4tun:1-4/r206:from_037,1-4/r206,SAM4Tun,v4:1-4/r206:t000,v4:1-4/r206:t037,perturb_offset_shift,0.5539044012175743,0.7774068757073853,"{""A1"": -0.1410511447008239, ""A2"": -0.34533400164766753, ""A3"": -0.5516287111767817, ""B1"": 0.7774068757073853, ""B2"": -0.5729212327319562, ""K"": 0.0}","{""A1"": 0.7957171430531564, ""A2"": 0.7937052904708858, ""A3"": -0.021292521555174443, ""B1"": 0.08154197959179083, ""B2"": 0.5729212327319562, ""K"": 0.7774068757073853}","{""hough_horizontal_threshold"": -6.0, ""hough_oblique_threshold"": -3.0, ""line_merge_distance"": -4.7624, ""line_snap_tolerance_px"": -29.0761, ""r_surface_min"": 0.0022999999999999687, ""r_surface_min_frac"": 0.166441, ""segmentation_slot_inset_y"": 14.7597}",0.290034180800457,0.645065819199543,2.0,1,0.2,candidate = SAM4Tun_prior + retrieved_successful_delta
sam4tun:1-4/r206:from_027,1-4/r206,SAM4Tun,v4:1-4/r206:t000,v4:1-4/r206:t027,perturb_offset_shift,0.5539044012175743,0.7774068757073853,"{""A1"": -0.1410511447008239, ""A2"": -0.34533400164766753, ""A3"": -0.5516287111767817, ""B1"": 0.7774068757073853, ""B2"": -0.5729212327319562, ""K"": 0.0}","{""A1"": 0.7957171430531564, ""A2"": 0.7937052904708858, ""A3"": -0.021292521555174443, ""B1"": 0.08154197959179083, ""B2"": 0.5729212327319562, ""K"": 0.7774068757073853}","{""hough_horizontal_threshold"": -6.0, ""hough_oblique_threshold"": -3.0, ""line_merge_distance"": -4.7624, ""line_snap_tolerance_px"": -29.0761, ""r_surface_min"": 0.0022999999999999687, ""r_surface_min_frac"": 0.166441, ""segmentation_slot_inset_y"": 14.7597}",0.290034180800457,0.645065819199543,2.0,1,0.2,candidate = SAM4Tun_prior + retrieved_successful_delta
sam4tun:1-4/r206:from_047,1-4/r206,SAM4Tun,v4:1-4/r206:t000,v4:1-4/r206:t047,perturb_offset_shift,0.5539044012175743,0.7774068757073853,"{""A1"": -0.1410511447008239, ""A2"": -0.34533400164766753, ""A3"": -0.5516287111767817, ""B1"": 0.7774068757073853, ""B2"": -0.5729212327319562, ""K"": 0.0}","{""A1"": 0.7957171430531564, ""A2"": 0.7937052904708858, ""A3"": -0.021292521555174443, ""B1"": 0.08154197959179083, ""B2"": 0.5729212327319562, ""K"": 0.7774068757073853}","{""hough_horizontal_threshold"": -6.0, ""hough_oblique_threshold"": -3.0, ""line_merge_distance"": -4.7624, ""line_snap_tolerance_px"": -29.0761, ""r_surface_min"": 0.0022999999999999687, ""r_surface_min_frac"": 0.166441, ""segmentation_slot_inset_y"": 14.7597}",0.290034180800457,0.645065819199543,2.0,1,0.2,candidate = SAM4Tun_prior + retrieved_successful_delta
sam4tun:1-4/r206:from_102,1-4/r206,SAM4Tun,v4:1-4/r206:t000,v4:1-4/r206:t102,bo,0.48594675492196016,0.8927347753861955,"{""A1"": 0.3054045898124465, ""A2"": 0.43188411075629146, ""A3"": 0.12172457121550628, ""B1"": 0.8927347753861954, ""B2"": -0.17882417203394319, ""K"": 0.0}","{""A1"": 0.12647952094384496, ""A2"": 0.6898404604592149, ""A3"": 0.6994512567505506, ""B1"": 0.4126698144262513, ""B2"": 0.1788241720339431, ""K"": 0.8927347753861954}","{""hough_horizontal_threshold"": 36.0, ""hough_oblique_threshold"": 13.0, ""line_merge_distance"": -6.733, ""line_snap_tolerance_px"": -9.468599999999999, ""r_surface_min"": 0.006199999999999761, ""r_surface_min_frac"": 0.448668, ""segmentation_slot_inset_y"": 17.4998}",0.2892489243921705,0.626829766677482,5.0,1,0.2,candidate = SAM4Tun_prior + retrieved_successful_delta
sam4tun:1-4/r206:from_039,1-4/r206,SAM4Tun,v4:1-4/r206:t000,v4:1-4/r206:t039,perturb_wrong_r_low,0.5539044012175743,0.8531399215202063,"{""A1"": -0.2033298163682173, ""A2"": -0.4071797611320808, ""A3"": -0.6047395624491143, ""B1"": 0.8531399215202063, ""B2"": -0.5596729985943831, ""K"": 0.0}","{""A1"": 0.7961500552361365, ""A2"": 0.8024401986829666, ""A3"": 0.04506656385473118, ""B1"": -0.056469737888423605, ""B2"": 0.5596729985943831, ""K"": 0.8531399215202063}","{""hough_horizontal_threshold"": -6.0, ""hough_oblique_threshold"": -3.0, ""line_merge_distance"": -4.7624, ""line_snap_tolerance_px"": -29.0761, ""r_surface_min"": 0.000700000000000145, ""r_surface_min_frac"": 0.050656, ""segmentation_slot_inset_y"": 14.7597}",0.2822395240275678,0.645065819199543,6.0,1,0.2,candidate = SAM4Tun_prior + retrieved_successful_delta
sam4tun:1-4/r206:from_029,1-4/r206,SAM4Tun,v4:1-4/r206:t000,v4:1-4/r206:t029,perturb_wrong_r_low,0.5539044012175743,0.8531399215202063,"{""A1"": -0.2033298163682173, ""A2"": -0.4071797611320808, ""A3"": -0.6047395624491143, ""B1"": 0.8531399215202063, ""B2"": -0.5596729985943831, ""K"": 0.0}","{""A1"": 0.7961500552361365, ""A2"": 0.8024401986829666, ""A3"": 0.04506656385473118, ""B1"": -0.056469737888423605, ""B2"": 0.5596729985943831, ""K"": 0.8531399215202063}","{""hough_horizontal_threshold"": -6.0, ""hough_oblique_threshold"": -3.0, ""line_merge_distance"": -4.7624, ""line_snap_tolerance_px"": -29.0761, ""r_surface_min"": 0.000700000000000145, ""r_surface_min_frac"": 0.050656, ""segmentation_slot_inset_y"": 14.7597}",0.2822395240275678,0.645065819199543,6.0,1,0.2,candidate = SAM4Tun_prior + retrieved_successful_delta
sam4tun:1-4/r206:from_015,1-4/r206,SAM4Tun,v4:1-4/r206:t000,v4:1-4/r206:t015,random,0.5539044012175743,0.8531399215202063,"{""A1"": -0.2033298163682173, ""A2"": -0.4071797611320808, ""A3"": -0.6047395624491143, ""B1"": 0.8531399215202063, ""B2"": -0.5596729985943831, ""K"": 0.0}","{""A1"": 0.7961500552361365, ""A2"": 0.8024401986829666, ""A3"": 0.04506656385473118, ""B1"": -0.056469737888423605, ""B2"": 0.5596729985943831, ""K"": 0.8531399215202063}","{""hough_horizontal_threshold"": -6.0, ""hough_oblique_threshold"": -3.0, ""line_merge_distance"": -4.7624, ""line_snap_tolerance_px"": -29.0761, ""r_surface_min"": 0.0022999999999999687, ""r_surface_min_frac"": 0.166441, ""segmentation_slot_inset_y"": 14.7597}",0.2714963146413305,0.6636036853586695,8.0,1,0.2,candidate = SAM4Tun_prior + retrieved_successful_delta
sam4tun:1-4/r206:from_034,1-4/r206,SAM4Tun,v4:1-4/r206:t000,v4:1-4/r206:t034,perturb_ambiguous_lines,0.5539044012175743,0.8531399215202063,"{""A1"": -0.2033298163682173, ""A2"": -0.4071797611320808, ""A3"": -0.6047395624491143, ""B1"": 0.8531399215202063, ""B2"": -0.5596729985943831, ""K"": 0.0}","{""A1"": 0.7961500552361365, ""A2"": 0.8024401986829666, ""A3"": 0.04506656385473118, ""B1"": -0.056469737888423605, ""B2"": 0.5596729985943831, ""K"": 0.8531399215202063}","{""hough_horizontal_threshold"": -6.0, ""hough_oblique_threshold"": -3.0, ""line_merge_distance"": -1.5950000000000006, ""line_snap_tolerance_px"": 41.248599999999996, ""r_surface_min"": 0.0022999999999999687, ""r_surface_min_frac"": 0.166441, ""segmentation_slot_inset_y"": 14.7597}",0.2714963146413305,0.645065819199543,8.0,1,0.2,candidate = SAM4Tun_prior + retrieved_successful_delta
sam4tun:1-4/r206:from_040,1-4/r206,SAM4Tun,v4:1-4/r206:t000,v4:1-4/r206:t040,perturb_weak_hough,0.5539044012175743,0.8531399215202063,"{""A1"": -0.2033298163682173, ""A2"": -0.4071797611320808, ""A3"": -0.6047395624491143, ""B1"": 0.8531399215202063, ""B2"": -0.5596729985943831, ""K"": 0.0}","{""A1"": 0.7961500552361365, ""A2"": 0.8024401986829666, ""A3"": 0.04506656385473118, ""B1"": -0.056469737888423605, ""B2"": 0.5596729985943831, ""K"": 0.8531399215202063}","{""hough_horizontal_threshold"": 73.0, ""hough_oblique_threshold"": 46.0, ""line_merge_distance"": -4.7624, ""line_snap_tolerance_px"": -29.0761, ""r_surface_min"": 0.0022999999999999687, ""r_surface_min_frac"": 0.166441, ""segmentation_slot_inset_y"": 14.7597}",0.2714963146413305,0.645065819199543,8.0,1,0.2,candidate = SAM4Tun_prior + retrieved_successful_delta
sam4tun:1-4/r206:from_044,1-4/r206,SAM4Tun,v4:1-4/r206:t000,v4:1-4/r206:t044,perturb_ambiguous_lines,0.5539044012175743,0.8531399215202063,"{""A1"": -0.2033298163682173, ""A2"": -0.4071797611320808, ""A3"": -0.6047395624491143, ""B1"": 0.8531399215202063, ""B2"": -0.5596729985943831, ""K"": 0.0}","{""A1"": 0.7961500552361365, ""A2"": 0.8024401986829666, ""A3"": 0.04506656385473118, ""B1"": -0.056469737888423605, ""B2"": 0.5596729985943831, ""K"": 0.8531399215202063}","{""hough_horizontal_threshold"": -6.0, ""hough_oblique_threshold"": -3.0, ""line_merge_distance"": -1.5950000000000006, ""line_snap_tolerance_px"": 41.248599999999996, ""r_surface_min"": 0.0022999999999999687, ""r_surface_min_frac"": 0.166441, ""segmentation_slot_inset_y"": 14.7597}",0.2714963146413305,0.645065819199543,8.0,1,0.2,candidate = SAM4Tun_prior + retrieved_successful_delta
sam4tun:1-4/r206:from_024,1-4/r206,SAM4Tun,v4:1-4/r206:t000,v4:1-4/r206:t024,perturb_ambiguous_lines,0.5539044012175743,0.8531399215202063,"{""A1"": -0.2033298163682173, ""A2"": -0.4071797611320808, ""A3"": -0.6047395624491143, ""B1"": 0.8531399215202063, ""B2"": -0.5596729985943831, ""K"": 0.0}","{""A1"": 0.7961500552361365, ""A2"": 0.8024401986829666, ""A3"": 0.04506656385473118, ""B1"": -0.056469737888423605, ""B2"": 0.5596729985943831, ""K"": 0.8531399215202063}","{""hough_horizontal_threshold"": -6.0, ""hough_oblique_threshold"": -3.0, ""line_merge_distance"": -1.5950000000000006, ""line_snap_tolerance_px"": 41.248599999999996, ""r_surface_min"": 0.0022999999999999687, ""r_surface_min_frac"": 0.166441, ""segmentation_slot_inset_y"": 14.7597}",0.2714963146413305,0.6636036853586695,8.0,1,0.2,candidate = SAM4Tun_prior + retrieved_successful_delta
sam4tun:1-4/r206:from_030,1-4/r206,SAM4Tun,v4:1-4/r206:t000,v4:1-4/r206:t030,perturb_weak_hough,0.5539044012175743,0.8531399215202063,"{""A1"": -0.2033298163682173, ""A2"": -0.4071797611320808, ""A3"": -0.6047395624491143, ""B1"": 0.8531399215202063, ""B2"": -0.5596729985943831, ""K"": 0.0}","{""A1"": 0.7961500552361365, ""A2"": 0.8024401986829666, ""A3"": 0.04506656385473118, ""B1"": -0.056469737888423605, ""B2"": 0.5596729985943831, ""K"": 0.8531399215202063}","{""hough_horizontal_threshold"": 73.0, ""hough_oblique_threshold"": 46.0, ""line_merge_distance"": -4.7624, ""line_snap_tolerance_px"": -29.0761, ""r_surface_min"": 0.0022999999999999687, ""r_surface_min_frac"": 0.166441, ""segmentation_slot_inset_y"": 14.7597}",0.2714963146413305,0.645065819199543,8.0,1,0.2,candidate = SAM4Tun_prior + retrieved_successful_delta
sam4tun:1-4/r206:from_089,1-4/r206,SAM4Tun,v4:1-4/r206:t000,v4:1-4/r206:t089,bo,0.556570016103031,0.9253011257479209,"{""A1"": 0.22833414905845867, ""A2"": 0.420150915717966, ""A3"": -0.07218820906164913, ""B1"": 0.9253011257479209, ""B2"": -0.29629924852104184, ""K"": 0.0}","{""A1"": 0.1918167666595073, ""A2"": 0.5076608752203848, ""A3"": 0.7758889605406074, ""B1"": 0.3030330233105378, ""B2"": 0.2962992485210417, ""K"": 0.9253011257479209}","{""hough_horizontal_threshold"": 9.0, ""hough_oblique_threshold"": -7.0, ""line_merge_distance"": -3.4277999999999995, ""line_snap_tolerance_px"": -14.7179, ""r_surface_min"": 0.0005999999999999339, ""r_surface_min_frac"": 0.04342, ""segmentation_slot_inset_y"": 3.8216}",0.2633539449336724,0.626829766677482,14.0,1,0.2,candidate = SAM4Tun_prior + retrieved_successful_delta
sam4tun:1-4/r206:from_112,1-4/r206,SAM4Tun,v4:1-4/r206:t000,v4:1-4/r206:t112,bo,0.5137259092535734,0.353114828972969,"{""A1"": -0.16102768247040372, ""A2"": 0.2466669923158708, ""A3"": -0.5592302913846949, ""B1"": 0.35311482897296903, ""B2"": -0.3837043074549955, ""K"": 0.0}","{""A1"": 0.4076946747862744, ""A2"": 0.19410271629943432, ""A3"": 0.17552598392969948, ""B1"": 0.48585748855662736, ""B2"": 0.3837043074549955, ""K"": 0.35311482897296903}","{""hough_horizontal_threshold"": -8.0, ""hough_oblique_threshold"": -3.0, ""line_merge_distance"": -6.4152, ""line_snap_tolerance_px"": 17.102600000000002, ""r_surface_min"": 0.0, ""r_surface_min_frac"": 0.0, ""segmentation_slot_inset_y"": 14.0393}",0.2595049979679463,0.626829766677482,15.0,1,0.2,candidate = SAM4Tun_prior + retrieved_successful_delta
sam4tun:1-4/r206:from_116,1-4/r206,SAM4Tun,v4:1-4/r206:t000,v4:1-4/r206:t116,bo,0.6335932240220516,0.44180033524093,"{""A1"": -0.1608371224399215, ""A2"": 0.2816411952242284, ""A3"": -0.5864991318808664, ""B1"": 0.44180033524092993, ""B2"": -0.6547299332192338, ""K"": 0.0}","{""A1"": 0.4424783176641498, ""A2"": 0.1318596728949053, ""A3"": -0.06823080133836736, ""B1"": 0.3973625423191486, ""B2"": 0.6547299332192338, ""K"": 0.44180033524092993}","{""hough_horizontal_threshold"": -3.0, ""hough_oblique_threshold"": -13.0, ""line_merge_distance"": -2.3795, ""line_snap_tolerance_px"": 17.106299999999997, ""r_surface_min"": 0.000700000000000145, ""r_surface_min_frac"": 0.050656, ""segmentation_slot_inset_y"": 15.3417}",0.258624715409484,0.626829766677482,16.0,1,0.2,candidate = SAM4Tun_prior + retrieved_successful_delta
sam4tun:1-4/r206:from_113,1-4/r206,SAM4Tun,v4:1-4/r206:t000,v4:1-4/r206:t113,bo,0.5859737037540468,0.6071441746297697,"{""A1"": -0.09396136485149637, ""A2"": 0.2951522239554644, ""A3"": 0.06949400877541312, ""B1"": 0.6071441746297697, ""B2"": -0.5561465265527312, ""K"": 0.0}","{""A1"": 0.3891135888069608, ""A2"": 0.7743417848199489, ""A3"": 0.37435946467185566, ""B1"": 0.2988944605187341, ""B2"": 0.5561465265527312, ""K"": 0.6071441746297697}","{""hough_horizontal_threshold"": 27.0, ""hough_oblique_threshold"": 29.0, ""line_merge_distance"": -9.155100000000001, ""line_snap_tolerance_px"": -2.0662999999999982, ""r_surface_min"": 0.0007999999999999119, ""r_surface_min_frac"": 0.057893, ""segmentation_slot_inset_y"": 16.5149}",0.2581642930575012,0.626829766677482,17.0,1,0.2,candidate = SAM4Tun_prior + retrieved_successful_delta
sam4tun:1-4/r206:from_019,1-4/r206,SAM4Tun,v4:1-4/r206:t000,v4:1-4/r206:t019,random,-0.16227463848495996,0.5883119298417026,"{""A1"": -0.03530578157834113, ""A2"": 0.12624112920338643, ""A3"": 0.31984939400157975, ""B1"": 0.5883119298417026, ""B2"": -0.4331220522942718, ""K"": 0.0}","{""A1"": 0.16154691078172756, ""A2"": 0.19360826479819337, ""A3"": 0.2470285537041484, ""B1"": 0.37638228857995637, ""B2"": 0.4331220522942718, ""K"": 0.5883119298417026}","{""hough_horizontal_threshold"": 23.0, ""hough_oblique_threshold"": -3.0, ""line_merge_distance"": -3.7703000000000007, ""line_snap_tolerance_px"": -24.4176, ""r_surface_min"": 0.0017999999999998018, ""r_surface_min_frac"": 0.13025899999999999, ""segmentation_slot_inset_y"": 9.5146}",0.2440290288694259,0.6636036853586695,18.0,1,0.2,candidate = SAM4Tun_prior + retrieved_successful_delta
sam4tun:1-4/r206:from_099,1-4/r206,SAM4Tun,v4:1-4/r206:t000,v4:1-4/r206:t099,bo,0.562378303556607,0.43598730242807415,"{""A1"": 0.41074441720356575, ""A2"": -0.4363738527612983, ""A3"": 0.03759470165891088, ""B1"": 0.4359873024280741, ""B2"": -0.5776943438021311, ""K"": 0.0}","{""A1"": 0.152881730035136, ""A2"": 0.47396855442020913, ""A3"": 0.384710954538958, ""B1"": -0.025242885224508377, ""B2"": 0.5776943438021311, ""K"": 0.4359873024280741}","{""hough_horizontal_threshold"": 7.0, ""hough_oblique_threshold"": -18.0, ""line_merge_distance"": -3.5142000000000007, ""line_snap_tolerance_px"": -8.737100000000002, ""r_surface_min"": 0.0028000000000001357, ""r_surface_min_frac"": 0.202624, ""segmentation_slot_inset_y"": 17.2506}",0.2349425940324403,0.626829766677482,19.0,1,0.2,candidate = SAM4Tun_prior + retrieved_successful_delta
sam4tun:1-4/r206:from_096,1-4/r206,SAM4Tun,v4:1-4/r206:t000,v4:1-4/r206:t096,bo,0.6000491692219341,0.1166438098546935,"{""A1"": 0.3194567900228215, ""A2"": -0.37252366707453693, ""A3"": -0.485674550211867, ""B1"": 0.11664380985469357, ""B2"": -0.5404802109007282, ""K"": 0.0}","{""A1"": 0.3080195429026415, ""A2"": -0.11315088313733002, ""A3"": -0.05480566068886117, ""B1"": 0.202812980168128, ""B2"": 0.5404802109007282, ""K"": 0.11664380985469357}","{""hough_horizontal_threshold"": 67.0, ""hough_oblique_threshold"": 28.0, ""line_merge_distance"": -3.0816999999999997, ""line_snap_tolerance_px"": -6.4571000000000005, ""r_surface_min"": 0.000500000000000167, ""r_surface_min_frac"": 0.036183, ""segmentation_slot_inset_y"": 17.2333}",0.2292285996962525,0.626829766677482,20.0,1,0.2,candidate = SAM4Tun_prior + retrieved_successful_delta
sam4tun:1-4/r206:from_118,1-4/r206,SAM4Tun,v4:1-4/r206:t000,v4:1-4/r206:t118,bo,0.6535724063759396,0.506272254459958,"{""A1"": -0.0977195568966483, ""A2"": 0.16367751089151622, ""A3"": -0.5369624352601639, ""B1"": 0.506272254459958, ""B2"": -0.5179615108676989, ""K"": 0.0}","{""A1"": 0.2613970677881645, ""A2"": 0.29936005384832, ""A3"": 0.019000924392464924, ""B1"": 0.3960081886433937, ""B2"": 0.5179615108676989, ""K"": 0.506272254459958}","{""hough_horizontal_threshold"": 80.0, ""hough_oblique_threshold"": 22.0, ""line_merge_distance"": -5.6321, ""line_snap_tolerance_px"": -4.552399999999999, ""r_surface_min"": 0.0009000000000001229, ""r_surface_min_frac"": 0.06513, ""segmentation_slot_inset_y"": 7.4248}",0.2152628790414199,0.626829766677482,21.0,1,0.2,candidate = SAM4Tun_prior + retrieved_successful_delta
sam4tun:1-4/r206:from_083,1-4/r206,SAM4Tun,v4:1-4/r206:t000,v4:1-4/r206:t083,bo,-0.15550035183185618,0.6219440020945692,"{""A1"": 0.4592703543299477, ""A2"": 0.26776082921648076, ""A3"": -0.4712923362518693, ""B1"": 0.6219440020945692, ""B2"": -0.42512767147115993, ""K"": 0.0}","{""A1"": 0.8084904748865329, ""A2"": 0.26094683453165, ""A3"": 0.04616466478070938, ""B1"": -0.16267364776462137, ""B2"": 0.42512767147115993, ""K"": 0.6219440020945692}","{""hough_horizontal_threshold"": -18.0, ""hough_oblique_threshold"": -1.0, ""line_merge_distance"": -6.7008, ""line_snap_tolerance_px"": -12.754100000000001, ""r_surface_min"": 0.0007999999999999119, ""r_surface_min_frac"": 0.057893, ""segmentation_slot_inset_y"": 18.7342}",0.2133024253462248,0.626829766677482,22.0,1,0.2,candidate = SAM4Tun_prior + retrieved_successful_delta
sam4tun:1-4/r206:from_072,1-4/r206,SAM4Tun,v4:1-4/r206:t000,v4:1-4/r206:t072,bo,0.5216365484174218,0.8922870607942943,"{""A1"": 0.2466004782925328, ""A2"": 0.5606551510797244, ""A3"": 0.010946188715978966, ""B1"": 0.8922870607942942, ""B2"": -0.635449696575525, ""K"": 0.0}","{""A1"": 0.3140546727871918, ""A2"": 0.45029103763625444, ""A3"": 0.35360411470849606, ""B1"": 0.35431341749823864, ""B2"": 0.635449696575525, ""K"": 0.8922870607942942}","{""hough_horizontal_threshold"": 46.0, ""hough_oblique_threshold"": 26.0, ""line_merge_distance"": -3.3061000000000007, ""line_snap_tolerance_px"": 11.459899999999998, ""r_surface_min"": 0.0011999999999998678, ""r_surface_min_frac"": 0.086839, ""segmentation_slot_inset_y"": 5.5547}",0.2108336499807299,0.626829766677482,23.0,1,0.2,candidate = SAM4Tun_prior + retrieved_successful_delta
sam4tun:1-4/r206:from_026,1-4/r206,SAM4Tun,v4:1-4/r206:t000,v4:1-4/r206:t026,perturb_guardrail_smoke,-0.30378696543195916,0.4037341756126672,"{""A1"": 0.14136279198287488, ""A2"": 0.14064339373337192, ""A3"": 0.02292952181932073, ""B1"": 0.40373417561266717, ""B2"": -0.41804523191822013, ""K"": 0.0}","{""A1"": -0.0007193982495029561, ""A2"": -0.11771387191405118, ""A3"": 0.5590252462624591, ""B1"": 0.7376286163702077, ""B2"": 0.4180452319182202, ""K"": 0.40373417561266717}","{""hough_horizontal_threshold"": -6.0, ""hough_oblique_threshold"": -3.0, ""line_merge_distance"": -4.7624, ""line_snap_tolerance_px"": -29.0761, ""r_surface_min"": 0.0022999999999999687, ""r_surface_min_frac"": 0.166441, ""segmentation_slot_inset_y"": 14.7597}",0.2088130391513961,0.6636036853586695,24.0,1,0.2,candidate = SAM4Tun_prior + retrieved_successful_delta
sam4tun:1-5/r271:from_019,1-5/r271,SAM4Tun,v4:1-5/r271:t000,v4:1-5/r271:t019,perturb_wrong_r_high,0.12509546660466686,0.7131901766646674,"{""A1"": -0.024774864331512575, ""A2"": -0.13730231015245736, ""A3"": 0.2485983095910007, ""B1"": 0.7131901766646674, ""B2"": -0.8071763719812648, ""K"": 0.0}","{""A1"": -0.11252744582094477, ""A2"": 0.385900619743458, ""A3"": -0.05577468157226542, ""B1"": 0.26203495900382007, ""B2"": 0.8071763719812648, ""K"": 0.7131901766646674}","{""hough_horizontal_threshold"": 61.0, ""hough_oblique_threshold"": 40.0, ""line_merge_distance"": -5.8527, ""line_snap_tolerance_px"": -9.2726, ""r_surface_min"": 0.6892, ""r_surface_min_frac"": 0.950025, ""segmentation_slot_inset_y"": 6.9606}",0.303738657222794,0.591361342777206,1.0,1,0.2,candidate = SAM4Tun_prior + retrieved_successful_delta
sam4tun:1-5/r271:from_001,1-5/r271,SAM4Tun,v4:1-5/r271:t000,v4:1-5/r271:t001,intrinsic_r_otsu,0.12509546660466686,0.7131901766646674,"{""A1"": -0.024774864331512575, ""A2"": -0.13730231015245736, ""A3"": 0.2485983095910007, ""B1"": 0.7131901766646674, ""B2"": -0.8071763719812648, ""K"": 0.0}","{""A1"": -0.11252744582094477, ""A2"": 0.385900619743458, ""A3"": -0.05577468157226542, ""B1"": 0.26203495900382007, ""B2"": 0.8071763719812648, ""K"": 0.7131901766646674}","{""hough_horizontal_threshold"": 61.0, ""hough_oblique_threshold"": 40.0, ""line_merge_distance"": -5.8527, ""line_snap_tolerance_px"": -9.2726, ""r_surface_min"": 0.4451999999999998, ""r_surface_min_frac"": 0.613663, ""segmentation_slot_inset_y"": 6.9606}",0.3037253705977418,0.5913746294022582,2.0,1,0.2,candidate = SAM4Tun_prior + retrieved_successful_delta
sam4tun:1-5/r271:from_013,1-5/r271,SAM4Tun,v4:1-5/r271:t000,v4:1-5/r271:t013,perturb_wrong_r_low,0.12509546660466686,0.7131901766646674,"{""A1"": -0.024774864331512575, ""A2"": -0.13730231015245736, ""A3"": 0.2485983095910007, ""B1"": 0.7131901766646674, ""B2"": -0.8071763719812648, ""K"": 0.0}","{""A1"": -0.11252744582094477, ""A2"": 0.385900619743458, ""A3"": -0.05577468157226542, ""B1"": 0.26203495900382007, ""B2"": 0.8071763719812648, ""K"": 0.7131901766646674}","{""hough_horizontal_threshold"": 61.0, ""hough_oblique_threshold"": 40.0, ""line_merge_distance"": -5.8527, ""line_snap_tolerance_px"": -9.2726, ""r_surface_min"": 0.03629999999999978, ""r_surface_min_frac"": 0.049979, ""segmentation_slot_inset_y"": 6.9606}",0.3037253705977418,0.5913746294022582,2.0,1,0.2,candidate = SAM4Tun_prior + retrieved_successful_delta
sam4tun:1-5/r271:from_015,1-5/r271,SAM4Tun,v4:1-5/r271:t000,v4:1-5/r271:t015,perturb_ambiguous_lines,0.12509546660466686,0.7131901766646674,"{""A1"": -0.024774864331512575, ""A2"": -0.13730231015245736, ""A3"": 0.2485983095910007, ""B1"": 0.7131901766646674, ""B2"": -0.8071763719812648, ""K"": 0.0}","{""A1"": -0.11252744582094477, ""A2"": 0.385900619743458, ""A3"": -0.05577468157226542, ""B1"": 0.26203495900382007, ""B2"": 0.8071763719812648, ""K"": 0.7131901766646674}","{""hough_horizontal_threshold"": 61.0, ""hough_oblique_threshold"": 40.0, ""line_merge_distance"": -0.5337999999999994, ""line_snap_tolerance_px"": 39.8172, ""r_surface_min"": 0.4451999999999998, ""r_surface_min_frac"": 0.613663, ""segmentation_slot_inset_y"": 6.9606}",0.3037253705977418,0.5913746294022582,2.0,1,0.2,candidate = SAM4Tun_prior + retrieved_successful_delta
sam4tun:1-5/r271:from_020,1-5/r271,SAM4Tun,v4:1-5/r271:t000,v4:1-5/r271:t020,perturb_weak_hough,0.12509546660466686,0.7131901766646674,"{""A1"": -0.024774864331512575, ""A2"": -0.13730231015245736, ""A3"": 0.2485983095910007, ""B1"": 0.7131901766646674, ""B2"": -0.8071763719812648, ""K"": 0.0}","{""A1"": -0.11252744582094477, ""A2"": 0.385900619743458, ""A3"": -0.05577468157226542, ""B1"": 0.26203495900382007, ""B2"": 0.8071763719812648, ""K"": 0.7131901766646674}","{""hough_horizontal_threshold"": 80.0, ""hough_oblique_threshold"": 45.0, ""line_merge_distance"": -5.8527, ""line_snap_tolerance_px"": -9.2726, ""r_surface_min"": 0.4451999999999998, ""r_surface_min_frac"": 0.613663, ""segmentation_slot_inset_y"": 6.9606}",0.3037253705977418,0.591361342777206,2.0,1,0.2,candidate = SAM4Tun_prior + retrieved_successful_delta
sam4tun:1-5/r271:from_023,1-5/r271,SAM4Tun,v4:1-5/r271:t000,v4:1-5/r271:t023,perturb_wrong_r_low,0.12509546660466686,0.7131901766646674,"{""A1"": -0.024774864331512575, ""A2"": -0.13730231015245736, ""A3"": 0.2485983095910007, ""B1"": 0.7131901766646674, ""B2"": -0.8071763719812648, ""K"": 0.0}","{""A1"": -0.11252744582094477, ""A2"": 0.385900619743458, ""A3"": -0.05577468157226542, ""B1"": 0.26203495900382007, ""B2"": 0.8071763719812648, ""K"": 0.7131901766646674}","{""hough_horizontal_threshold"": 61.0, ""hough_oblique_threshold"": 40.0, ""line_merge_distance"": -5.8527, ""line_snap_tolerance_px"": -9.2726, ""r_surface_min"": 0.03629999999999978, ""r_surface_min_frac"": 0.049979, ""segmentation_slot_inset_y"": 6.9606}",0.3037253705977418,0.591361342777206,2.0,1,0.2,candidate = SAM4Tun_prior + retrieved_successful_delta
sam4tun:1-5/r271:from_016,1-5/r271,SAM4Tun,v4:1-5/r271:t000,v4:1-5/r271:t016,perturb_small_segment,0.12509546660466686,0.007504486419473905,"{""A1"": 1.7945677895536694e-05, ""A2"": -0.007468595063682804, ""A3"": -0.0149551358052612, ""B1"": 0.007504486419473891, ""B2"": -0.022441676546839484, ""K"": 0.0}","{""A1"": -0.007486540741578368, ""A2"": -0.007486540741578368, ""A3"": -0.007486540741578229, ""B1"": -0.007486540741578368, ""B2"": 0.02244167654683943, ""K"": 0.007504486419473891}","{""hough_horizontal_threshold"": 61.0, ""hough_oblique_threshold"": 40.0, ""line_merge_distance"": -5.8527, ""line_snap_tolerance_px"": -9.2726, ""r_surface_min"": 0.4451999999999998, ""r_surface_min_frac"": 0.613663, ""segmentation_slot_inset_y"": 6.9606}",0.3034021347892446,0.5913746294022582,7.0,1,0.2,candidate = SAM4Tun_prior + retrieved_successful_delta
sam4tun:1-5/r271:from_010,1-5/r271,SAM4Tun,v4:1-5/r271:t000,v4:1-5/r271:t010,random,-0.36323594845741847,0.7527607644145196,"{""A1"": -0.23571086463749386, ""A2"": 0.19099335280260804, ""A3"": 0.16806852229277291, ""B1"": 0.7527607644145196, ""B2"": -0.29943809372463104, ""K"": 0.0}","{""A1"": 0.4267042174401019, ""A2"": -0.022924830509835042, ""A3"": 0.532493383982596, ""B1"": 0.011528370947986616, ""B2"": 0.29943809372463104, ""K"": 0.7527607644145196}","{""hough_horizontal_threshold"": -2.0, ""hough_oblique_threshold"": 32.0, ""line_merge_distance"": -8.8163, ""line_snap_tolerance_px"": -4.765500000000003, ""r_surface_min"": 0.2511000000000001, ""r_surface_min_frac"": 0.346089, ""segmentation_slot_inset_y"": 4.4852}",0.2821454425258204,0.5913746294022582,8.0,1,0.2,candidate = SAM4Tun_prior + retrieved_successful_delta
sam4tun:1-5/r271:from_047,1-5/r271,SAM4Tun,v4:1-5/r271:t000,v4:1-5/r271:t047,bo,0.0873175331416759,0.0552312619648587,"{""A1"": 0.6031140521718124, ""A2"": 0.18307025205106459, ""A3"": -0.3043948482288291, ""B1"": 0.0552312619648587, ""B2"": -0.7383219800502816, ""K"": 0.0}","{""A1"": 0.5799561998792524, ""A2"": 0.5125348997201064, ""A3"": 0.5660728681785476, ""B1"": 0.5478827902069536, ""B2"": 0.7383219800502816, ""K"": 0.0552312619648587}","{""hough_horizontal_threshold"": 35.0, ""hough_oblique_threshold"": 50.0, ""line_merge_distance"": -2.217599999999999, ""line_snap_tolerance_px"": -13.686, ""r_surface_min"": 0.04530000000000012, ""r_surface_min_frac"": 0.062386, ""segmentation_slot_inset_y"": 6.2503}",0.2806339841593516,0.591361342777206,9.0,1,0.2,candidate = SAM4Tun_prior + retrieved_successful_delta
sam4tun:1-5/r271:from_049,1-5/r271,SAM4Tun,v4:1-5/r271:t000,v4:1-5/r271:t049,bo,0.1378366514575151,0.8249202261877372,"{""A1"": 0.4897476537348657, ""A2"": -0.22096018388663735, ""A3"": 0.1307374679464719, ""B1"": 0.8249202261877372, ""B2"": -0.7165913348639918, ""K"": 0.0}","{""A1"": 0.289292162378497, ""A2"": 0.3516976518331093, ""A3"": 0.1526711971895362, ""B1"": 0.6648274275471285, ""B2"": 0.7165913348639918, ""K"": 0.8249202261877372}","{""hough_horizontal_threshold"": 59.0, ""hough_oblique_threshold"": 46.0, ""line_merge_distance"": -10.5001, ""line_snap_tolerance_px"": -24.735300000000002, ""r_surface_min"": 0.4400999999999997, ""r_surface_min_frac"": 0.606632, ""segmentation_slot_inset_y"": 7.0283}",0.2801377888958835,0.591361342777206,10.0,1,0.2,candidate = SAM4Tun_prior + retrieved_successful_delta
sam4tun:1-5/r271:from_051,1-5/r271,SAM4Tun,v4:1-5/r271:t000,v4:1-5/r271:t051,bo,0.09073551836519567,0.4197424785276057,"{""A1"": 0.1659322718824356, ""A2"": 0.23747815879783002, ""A3"": -0.15088644252153682, ""B1"": 0.41974247852760566, ""B2"": -0.3566045729694425, ""K"": 0.0}","{""A1"": 0.07154588691539443, ""A2"": 0.6116353986806332, ""A3"": 0.7942818695520942, ""B1"": 0.7461897933548299, ""B2"": 0.3566045729694425, ""K"": 0.41974247852760566}","{""hough_horizontal_threshold"": 59.0, ""hough_oblique_threshold"": -22.0, ""line_merge_distance"": -10.9317, ""line_snap_tolerance_px"": -19.3663, ""r_surface_min"": 0.40649999999999986, ""r_surface_min_frac"": 0.560313, ""segmentation_slot_inset_y"": 6.817}",0.2620261771084956,0.591361342777206,11.0,1,0.2,candidate = SAM4Tun_prior + retrieved_successful_delta
sam4tun:1-5/r271:from_008,1-5/r271,SAM4Tun,v4:1-5/r271:t000,v4:1-5/r271:t008,random,0.376218808109271,0.4851396856332092,"{""A1"": 0.07218125545812065, ""A2"": 0.313856324791245, ""A3"": -0.5997582650035008, ""B1"": 0.48513968563320914, ""B2"": -0.44025640398163557, ""K"": 0.0}","{""A1"": 0.24167506933312438, ""A2"": 0.08638541020525414, ""A3"": 0.15950186102186525, ""B1"": 0.5870415698249115, ""B2"": 0.44025640398163557, ""K"": 0.48513968563320914}","{""hough_horizontal_threshold"": -13.0, ""hough_oblique_threshold"": -20.0, ""line_merge_distance"": -0.3613999999999997, ""line_snap_tolerance_px"": 17.332099999999997, ""r_surface_min"": 0.3799999999999999, ""r_surface_min_frac"": 0.523782, ""segmentation_slot_inset_y"": 10.7055}",0.2563532920705708,0.5913746294022582,12.0,1,0.2,candidate = SAM4Tun_prior + retrieved_successful_delta
sam4tun:4-1/r116:from_057,4-1/r116,SAM4Tun,v4:4-1/r116:t000,v4:4-1/r116:t057,bo,-0.34440404484025766,0.8909328207372155,"{""A1"": 0.7426222055492404, ""A2"": -0.11232830178135123, ""A3"": -0.42570133635721563, ""A4"": -0.6479331545150722, ""B1"": 0.8909328207372154, ""B2"": -0.02598060481353437, ""K"": 0.0}","{""A1"": 0.14504949266940836, ""A2"": 0.6866269654241356, ""A3"": 0.7777681818421434, ""A4"": 0.6219525497015378, ""B1"": -0.14831061518797486, ""B2"": 0.02598060481353434, ""K"": 0.8909328207372154}","{""hough_horizontal_threshold"": 24.0, ""hough_oblique_threshold"": 38.0, ""line_merge_distance"": -7.2418, ""line_snap_tolerance_px"": -10.9498, ""r_surface_min"": 0.4980000000000002, ""r_surface_min_frac"": 0.29713799999999996, ""segmentation_slot_inset_y"": 2.2156}",0.3998424874063772,0.5052575125936227,1.0,1,0.2,candidate = SAM4Tun_prior + retrieved_successful_delta
sam4tun:4-1/r116:from_025,4-1/r116,SAM4Tun,v4:4-1/r116:t000,v4:4-1/r116:t025,bo,-0.3578044318826059,0.6997822595645201,"{""A1"": 0.15421109076728592, ""A2"": -0.2771719093943543, ""A3"": -0.4514529428844424, ""A4"": -0.6758827419664324, ""B1"": 0.6997822595645201, ""B2"": -0.026199963780801028, ""K"": 0.0}","{""A1"": 0.5686169998383598, ""A2"": 0.825718966509912, ""A3"": 0.77557020091801, ""A4"": 0.6496827781856314, ""B1"": 0.4544288312027658, ""B2"": 0.026199963780800972, ""K"": 0.6997822595645201}","{""hough_horizontal_threshold"": 8.0, ""hough_oblique_threshold"": 36.0, ""line_merge_distance"": -4.8464, ""line_snap_tolerance_px"": -14.182300000000001, ""r_surface_min"": 1.5992000000000002, ""r_surface_min_frac"": 0.9541810000000001, ""segmentation_slot_inset_y"": 7.2216}",0.3628333234240663,0.5422666765759336,2.0,1,0.2,candidate = SAM4Tun_prior + retrieved_successful_delta
sam4tun:4-1/r116:from_027,4-1/r116,SAM4Tun,v4:4-1/r116:t000,v4:4-1/r116:t027,bo,-0.3608099007299903,0.5256374615530045,"{""A1"": 0.24429526267961763, ""A2"": -0.31756543733122067, ""A3"": -0.21946846389192542, ""A4"": -0.5870161951280792, ""B1"": 0.5256374615530045, ""B2"": -0.04786794246570347, ""K"": 0.0}","{""A1"": 0.4381392999891617, ""A2"": 0.09809697343929522, ""A3"": 0.6324522687638462, ""A4"": 0.5391482526623758, ""B1"": 0.718657801126613, ""B2"": 0.04786794246570342, ""K"": 0.5256374615530045}","{""hough_horizontal_threshold"": 73.0, ""hough_oblique_threshold"": 47.0, ""line_merge_distance"": -1.0572999999999997, ""line_snap_tolerance_px"": 9.5015, ""r_surface_min"": 1.3404000000000003, ""r_surface_min_frac"": 0.7997650000000001, ""segmentation_slot_inset_y"": 7.4915}",0.3474486709557773,0.5422666765759336,3.0,1,0.2,candidate = SAM4Tun_prior + retrieved_successful_delta
sam4tun:4-1/r116:from_041,4-1/r116,SAM4Tun,v4:4-1/r116:t000,v4:4-1/r116:t041,bo,-0.36944794916166473,0.6823722199020549,"{""A1"": 0.2724845007068787, ""A2"": 0.08669241392029092, ""A3"": -0.45412262232719314, ""A4"": -0.6350803592999781, ""B1"": 0.6823722199020549, ""B2"": -0.060011578985641134, ""K"": 0.0}","{""A1"": 0.8142079132134122, ""A2"": 0.45918496375251594, ""A3"": 0.8190422630272152, ""A4"": 0.5750687803143371, ""B1"": 0.5901122808048238, ""B2"": 0.06001157898564108, ""K"": 0.6823722199020549}","{""hough_horizontal_threshold"": 11.0, ""hough_oblique_threshold"": 35.0, ""line_merge_distance"": -3.050700000000001, ""line_snap_tolerance_px"": -28.1368, ""r_surface_min"": 1.3895, ""r_surface_min_frac"": 0.829061, ""segmentation_slot_inset_y"": 2.9266}",0.3400459680953424,0.5422666765759336,4.0,1,0.2,candidate = SAM4Tun_prior + retrieved_successful_delta
sam4tun:4-1/r116:from_029,4-1/r116,SAM4Tun,v4:4-1/r116:t000,v4:4-1/r116:t029,bo,-0.3820234592496312,0.6266182566415333,"{""A1"": 0.5630672918809709, ""A2"": 0.015531417605749609, ""A3"": 0.04500789972644803, ""A4"": -0.6360269756383611, ""B1"": 0.6266182566415333, ""B2"": 0.035716567805110455, ""K"": 0.0}","{""A1"": 0.4524641257247788, ""A2"": 0.029476482120698366, ""A3"": 0.31896512463519094, ""A4"": 0.6717435434434715, ""B1"": -0.0635509647605623, ""B2"": -0.0357165678051105, ""K"": 0.6266182566415333}","{""hough_horizontal_threshold"": 26.0, ""hough_oblique_threshold"": -7.0, ""line_merge_distance"": -4.7283, ""line_snap_tolerance_px"": 4.834000000000003, ""r_surface_min"": 0.10400000000000009, ""r_surface_min_frac"": 0.062053000000000004, ""segmentation_slot_inset_y"": 24.5622}",0.3250862909889991,0.5422666765759336,5.0,1,0.2,candidate = SAM4Tun_prior + retrieved_successful_delta
sam4tun:4-1/r116:from_017,4-1/r116,SAM4Tun,v4:4-1/r116:t000,v4:4-1/r116:t017,perturb_wrong_r_high,-0.35942350345139396,0.5772120075040621,"{""A1"": 0.5230166478298036, ""A2"": -0.2835078345625971, ""A3"": 0.009891241657256633, ""A4"": -0.17972948351247153, ""B1"": 0.5772120075040621, ""B2"": 0.027588516786469786, ""K"": 0.0}","{""A1"": 0.1934755176075993, ""A2"": 0.2933990762198537, ""A3"": 0.810379274830272, ""A4"": 0.20731800029894132, ""B1"": -0.05419535967425848, ""B2"": -0.02758851678646984, ""K"": 0.5772120075040621}","{""hough_horizontal_threshold"": 39.0, ""hough_oblique_threshold"": 5.0, ""line_merge_distance"": -10.3482, ""line_snap_tolerance_px"": -2.927599999999998, ""r_surface_min"": 1.5921000000000003, ""r_surface_min_frac"": 0.949945, ""segmentation_slot_inset_y"": 8.0759}",0.3230586240922682,0.5820413759077319,6.0,1,0.2,candidate = SAM4Tun_prior + retrieved_successful_delta
sam4tun:4-1/r116:from_049,4-1/r116,SAM4Tun,v4:4-1/r116:t000,v4:4-1/r116:t049,bo,-0.3647136252460158,0.0714959328667445,"{""A1"": 0.14682074943579895, ""A2"": -0.2990374128833426, ""A3"": -0.3436582006608263, ""A4"": 0.03906439844774956, ""B1"": 0.07149593286674448, ""B2"": 0.019554611809813327, ""K"": 0.0}","{""A1"": 0.5541418376808585, ""A2"": -0.044620787777483725, ""A3"": 0.38272259910857587, ""A4"": -0.019509786637936205, ""B1"": 0.07532481656905443, ""B2"": -0.019554611809813355, ""K"": 0.07149593286674448}","{""hough_horizontal_threshold"": 38.0, ""hough_oblique_threshold"": 49.0, ""line_merge_distance"": -8.026299999999999, ""line_snap_tolerance_px"": 42.398700000000005, ""r_surface_min"": 0.004999999999999893, ""r_surface_min_frac"": 0.002984, ""segmentation_slot_inset_y"": 3.9001}",0.3105444578805217,0.5422666765759336,7.0,1,0.2,candidate = SAM4Tun_prior + retrieved_successful_delta
sam4tun:4-1/r116:from_018,4-1/r116,SAM4Tun,v4:4-1/r116:t000,v4:4-1/r116:t018,perturb_ambiguous_lines,-0.35942350345139396,0.5772120075040621,"{""A1"": 0.5230166478298036, ""A2"": -0.2835078345625971, ""A3"": 0.009891241657256633, ""A4"": -0.17972948351247153, ""B1"": 0.5772120075040621, ""B2"": 0.027588516786469786, ""K"": 0.0}","{""A1"": 0.1934755176075993, ""A2"": 0.2933990762198537, ""A3"": 0.810379274830272, ""A4"": 0.20731800029894132, ""B1"": -0.05419535967425848, ""B2"": -0.02758851678646984, ""K"": 0.5772120075040621}","{""hough_horizontal_threshold"": 39.0, ""hough_oblique_threshold"": 5.0, ""line_merge_distance"": -0.6538000000000004, ""line_snap_tolerance_px"": 37.141000000000005, ""r_surface_min"": 0.25170000000000003, ""r_surface_min_frac"": 0.15018, ""segmentation_slot_inset_y"": 8.0759}",0.3017260119468371,0.5820413759077319,8.0,1,0.2,candidate = SAM4Tun_prior + retrieved_successful_delta
sam4tun:4-1/r116:from_012,4-1/r116,SAM4Tun,v4:4-1/r116:t000,v4:4-1/r116:t012,perturb_wrong_r_low,-0.35942350345139396,0.5772120075040621,"{""A1"": 0.5230166478298036, ""A2"": -0.2835078345625971, ""A3"": 0.009891241657256633, ""A4"": -0.17972948351247153, ""B1"": 0.5772120075040621, ""B2"": 0.027588516786469786, ""K"": 0.0}","{""A1"": 0.1934755176075993, ""A2"": 0.2933990762198537, ""A3"": 0.810379274830272, ""A4"": 0.20731800029894132, ""B1"": -0.05419535967425848, ""B2"": -0.02758851678646984, ""K"": 0.5772120075040621}","{""hough_horizontal_threshold"": 39.0, ""hough_oblique_threshold"": 5.0, ""line_merge_distance"": -10.3482, ""line_snap_tolerance_px"": -2.927599999999998, ""r_surface_min"": 0.0838000000000001, ""r_surface_min_frac"": 0.050001000000000004, ""segmentation_slot_inset_y"": 8.0759}",0.3017260119468371,0.6033739880531629,8.0,1,0.2,candidate = SAM4Tun_prior + retrieved_successful_delta
sam4tun:4-1/r116:from_014,4-1/r116,SAM4Tun,v4:4-1/r116:t000,v4:4-1/r116:t014,perturb_weak_hough,-0.35942350345139396,0.5772120075040621,"{""A1"": 0.5230166478298036, ""A2"": -0.2835078345625971, ""A3"": 0.009891241657256633, ""A4"": -0.17972948351247153, ""B1"": 0.5772120075040621, ""B2"": 0.027588516786469786, ""K"": 0.0}","{""A1"": 0.1934755176075993, ""A2"": 0.2933990762198537, ""A3"": 0.810379274830272, ""A4"": 0.20731800029894132, ""B1"": -0.05419535967425848, ""B2"": -0.02758851678646984, ""K"": 0.5772120075040621}","{""hough_horizontal_threshold"": 68.0, ""hough_oblique_threshold"": 51.0, ""line_merge_distance"": -10.3482, ""line_snap_tolerance_px"": -2.927599999999998, ""r_surface_min"": 0.25170000000000003, ""r_surface_min_frac"": 0.15018, ""segmentation_slot_inset_y"": 8.0759}",0.3017260119468371,0.6033739880531629,8.0,1,0.2,candidate = SAM4Tun_prior + retrieved_successful_delta
sam4tun:4-1/r116:from_022,4-1/r116,SAM4Tun,v4:4-1/r116:t000,v4:4-1/r116:t022,perturb_wrong_r_low,-0.35942350345139396,0.5772120075040621,"{""A1"": 0.5230166478298036, ""A2"": -0.2835078345625971, ""A3"": 0.009891241657256633, ""A4"": -0.17972948351247153, ""B1"": 0.5772120075040621, ""B2"": 0.027588516786469786, ""K"": 0.0}","{""A1"": 0.1934755176075993, ""A2"": 0.2933990762198537, ""A3"": 0.810379274830272, ""A4"": 0.20731800029894132, ""B1"": -0.05419535967425848, ""B2"": -0.02758851678646984, ""K"": 0.5772120075040621}","{""hough_horizontal_threshold"": 39.0, ""hough_oblique_threshold"": 5.0, ""line_merge_distance"": -10.3482, ""line_snap_tolerance_px"": -2.927599999999998, ""r_surface_min"": 0.0838000000000001, ""r_surface_min_frac"": 0.050001000000000004, ""segmentation_slot_inset_y"": 8.0759}",0.3017260119468371,0.5820413759077319,8.0,1,0.2,candidate = SAM4Tun_prior + retrieved_successful_delta
sam4tun:4-1/r116:from_004,4-1/r116,SAM4Tun,v4:4-1/r116:t000,v4:4-1/r116:t004,random,-0.35942350345139396,0.5772120075040621,"{""A1"": 0.5230166478298036, ""A2"": -0.2835078345625971, ""A3"": 0.009891241657256633, ""A4"": -0.17972948351247153, ""B1"": 0.5772120075040621, ""B2"": 0.027588516786469786, ""K"": 0.0}","{""A1"": 0.1934755176075993, ""A2"": 0.2933990762198537, ""A3"": 0.810379274830272, ""A4"": 0.20731800029894132, ""B1"": -0.05419535967425848, ""B2"": -0.02758851678646984, ""K"": 0.5772120075040621}","{""hough_horizontal_threshold"": 39.0, ""hough_oblique_threshold"": 5.0, ""line_merge_distance"": -10.3482, ""line_snap_tolerance_px"": -2.927599999999998, ""r_surface_min"": 0.25170000000000003, ""r_surface_min_frac"": 0.15018, ""segmentation_slot_inset_y"": 8.0759}",0.3017260119468371,0.6033739880531629,8.0,1,0.2,candidate = SAM4Tun_prior + retrieved_successful_delta
sam4tun:4-6/r283:from_038,4-6/r283,SAM4Tun,v4:4-6/r283:t000,v4:4-6/r283:t038,perturb_weak_hough,0.0,0.0,"{""A1"": 0.0, ""A2"": 0.0, ""A3"": 0.0, ""A4"": 0.0, ""B1"": 0.0, ""B2"": 0.0, ""K"": 0.0}","{""A1"": 0.0, ""A2"": 0.0, ""A3"": 0.0, ""A4"": 0.0, ""B1"": 0.0, ""B2"": 0.0, ""K"": 0.0}","{""hough_horizontal_threshold"": 74.0, ""hough_oblique_threshold"": 48.0, ""line_merge_distance"": 0.0, ""line_snap_tolerance_px"": 0.0, ""r_surface_min"": 0.0, ""r_surface_min_frac"": 0.0, ""segmentation_slot_inset_y"": 0.0}",0.8055310465609322,0.0630689534390678,1.0,1,0.2,candidate = SAM4Tun_prior + retrieved_successful_delta
sam4tun:4-6/r283:from_028,4-6/r283,SAM4Tun,v4:4-6/r283:t000,v4:4-6/r283:t028,perturb_weak_hough,0.0,0.0,"{""A1"": 0.0, ""A2"": 0.0, ""A3"": 0.0, ""A4"": 0.0, ""B1"": 0.0, ""B2"": 0.0, ""K"": 0.0}","{""A1"": 0.0, ""A2"": 0.0, ""A3"": 0.0, ""A4"": 0.0, ""B1"": 0.0, ""B2"": 0.0, ""K"": 0.0}","{""hough_horizontal_threshold"": 74.0, ""hough_oblique_threshold"": 48.0, ""line_merge_distance"": 0.0, ""line_snap_tolerance_px"": 0.0, ""r_surface_min"": 0.0, ""r_surface_min_frac"": 0.0, ""segmentation_slot_inset_y"": 0.0}",0.8055310465609322,0.0630689534390678,1.0,1,0.2,candidate = SAM4Tun_prior + retrieved_successful_delta
sam4tun:4-6/r283:from_030,4-6/r283,SAM4Tun,v4:4-6/r283:t000,v4:4-6/r283:t030,perturb_ambiguous_lines,0.0,0.0,"{""A1"": 0.0, ""A2"": 0.0, ""A3"": 0.0, ""A4"": 0.0, ""B1"": 0.0, ""B2"": 0.0, ""K"": 0.0}","{""A1"": 0.0, ""A2"": 0.0, ""A3"": 0.0, ""A4"": 0.0, ""B1"": 0.0, ""B2"": 0.0, ""K"": 0.0}","{""hough_horizontal_threshold"": 0.0, ""hough_oblique_threshold"": 0.0, ""line_merge_distance"": -0.41189999999999927, ""line_snap_tolerance_px"": 33.8938, ""r_surface_min"": 0.0, ""r_surface_min_frac"": 0.0, ""segmentation_slot_inset_y"": 0.0}",0.8055310465609322,0.0630689534390678,1.0,1,0.2,candidate = SAM4Tun_prior + retrieved_successful_delta
sam4tun:4-6/r283:from_040,4-6/r283,SAM4Tun,v4:4-6/r283:t000,v4:4-6/r283:t040,perturb_ambiguous_lines,0.0,0.0,"{""A1"": 0.0, ""A2"": 0.0, ""A3"": 0.0, ""A4"": 0.0, ""B1"": 0.0, ""B2"": 0.0, ""K"": 0.0}","{""A1"": 0.0, ""A2"": 0.0, ""A3"": 0.0, ""A4"": 0.0, ""B1"": 0.0, ""B2"": 0.0, ""K"": 0.0}","{""hough_horizontal_threshold"": 0.0, ""hough_oblique_threshold"": 0.0, ""line_merge_distance"": -0.41189999999999927, ""line_snap_tolerance_px"": 33.8938, ""r_surface_min"": 0.0, ""r_surface_min_frac"": 0.0, ""segmentation_slot_inset_y"": 0.0}",0.8055310465609322,0.0630689534390678,1.0,1,0.2,candidate = SAM4Tun_prior + retrieved_successful_delta
sam4tun:4-6/r283:from_046,4-6/r283,SAM4Tun,v4:4-6/r283:t000,v4:4-6/r283:t046,perturb_wrong_r_low,0.0,0.0,"{""A1"": 0.0, ""A2"": 0.0, ""A3"": 0.0, ""A4"": 0.0, ""B1"": 0.0, ""B2"": 0.0, ""K"": 0.0}","{""A1"": 0.0, ""A2"": 0.0, ""A3"": 0.0, ""A4"": 0.0, ""B1"": 0.0, ""B2"": 0.0, ""K"": 0.0}","{""hough_horizontal_threshold"": 0.0, ""hough_oblique_threshold"": 0.0, ""line_merge_distance"": 0.0, ""line_snap_tolerance_px"": 0.0, ""r_surface_min"": 0.0010999999999996568, ""r_surface_min_frac"": 0.048532, ""segmentation_slot_inset_y"": 0.0}",0.7920261394765765,0.0630689534390678,6.0,1,0.2,candidate = SAM4Tun_prior + retrieved_successful_delta
sam4tun:4-6/r283:from_026,4-6/r283,SAM4Tun,v4:4-6/r283:t000,v4:4-6/r283:t026,perturb_wrong_r_low,0.0,0.0,"{""A1"": 0.0, ""A2"": 0.0, ""A3"": 0.0, ""A4"": 0.0, ""B1"": 0.0, ""B2"": 0.0, ""K"": 0.0}","{""A1"": 0.0, ""A2"": 0.0, ""A3"": 0.0, ""A4"": 0.0, ""B1"": 0.0, ""B2"": 0.0, ""K"": 0.0}","{""hough_horizontal_threshold"": 0.0, ""hough_oblique_threshold"": 0.0, ""line_merge_distance"": 0.0, ""line_snap_tolerance_px"": 0.0, ""r_surface_min"": 0.0010999999999996568, ""r_surface_min_frac"": 0.048532, ""segmentation_slot_inset_y"": 0.0}",0.7920261394765765,0.0630689534390678,6.0,1,0.2,candidate = SAM4Tun_prior + retrieved_successful_delta
sam4tun:4-6/r283:from_036,4-6/r283,SAM4Tun,v4:4-6/r283:t000,v4:4-6/r283:t036,perturb_wrong_r_low,0.0,0.0,"{""A1"": 0.0, ""A2"": 0.0, ""A3"": 0.0, ""A4"": 0.0, ""B1"": 0.0, ""B2"": 0.0, ""K"": 0.0}","{""A1"": 0.0, ""A2"": 0.0, ""A3"": 0.0, ""A4"": 0.0, ""B1"": 0.0, ""B2"": 0.0, ""K"": 0.0}","{""hough_horizontal_threshold"": 0.0, ""hough_oblique_threshold"": 0.0, ""line_merge_distance"": 0.0, ""line_snap_tolerance_px"": 0.0, ""r_surface_min"": 0.0010999999999996568, ""r_surface_min_frac"": 0.048532, ""segmentation_slot_inset_y"": 0.0}",0.7920261394765765,0.0630689534390678,6.0,1,0.2,candidate = SAM4Tun_prior + retrieved_successful_delta
sam4tun:4-6/r283:from_034,4-6/r283,SAM4Tun,v4:4-6/r283:t000,v4:4-6/r283:t034,perturb_small_segment,0.0,0.007505952589880509,"{""A1"": 0.0012549604915670365, ""A2"": -0.004996031606746387, ""A3"": -0.011247023705059811, ""A4"": -0.01749801580337318, ""B1"": 0.007505952589880467, ""B2"": -0.02374900790168666, ""K"": 0.0}","{""A1"": -0.0062509920983134515, ""A2"": -0.006250992098313424, ""A3"": -0.006250992098313424, ""A4"": -0.006250992098313313, ""B1"": -0.006250992098313424, ""B2"": 0.023749007901686575, ""K"": 0.007505952589880467}","{""hough_horizontal_threshold"": 0.0, ""hough_oblique_threshold"": 0.0, ""line_merge_distance"": 0.0, ""line_snap_tolerance_px"": 0.0, ""r_surface_min"": 0.0, ""r_surface_min_frac"": 0.0, ""segmentation_slot_inset_y"": 0.0}",0.7235825253941496,0.0630689534390678,9.0,1,0.2,candidate = SAM4Tun_prior + retrieved_successful_delta
sam4tun:4-6/r283:from_024,4-6/r283,SAM4Tun,v4:4-6/r283:t000,v4:4-6/r283:t024,perturb_small_segment,0.0,0.007505952589880509,"{""A1"": 0.0012549604915670365, ""A2"": -0.004996031606746387, ""A3"": -0.011247023705059811, ""A4"": -0.01749801580337318, ""B1"": 0.007505952589880467, ""B2"": -0.02374900790168666, ""K"": 0.0}","{""A1"": -0.0062509920983134515, ""A2"": -0.006250992098313424, ""A3"": -0.006250992098313424, ""A4"": -0.006250992098313313, ""B1"": -0.006250992098313424, ""B2"": 0.023749007901686575, ""K"": 0.007505952589880467}","{""hough_horizontal_threshold"": 0.0, ""hough_oblique_threshold"": 0.0, ""line_merge_distance"": 0.0, ""line_snap_tolerance_px"": 0.0, ""r_surface_min"": 0.0, ""r_surface_min_frac"": 0.0, ""segmentation_slot_inset_y"": 0.0}",0.7235825253941496,0.0630689534390678,9.0,1,0.2,candidate = SAM4Tun_prior + retrieved_successful_delta
sam4tun:4-6/r283:from_044,4-6/r283,SAM4Tun,v4:4-6/r283:t000,v4:4-6/r283:t044,perturb_small_segment,0.0,0.007505952589880509,"{""A1"": 0.0012549604915670365, ""A2"": -0.004996031606746387, ""A3"": -0.011247023705059811, ""A4"": -0.01749801580337318, ""B1"": 0.007505952589880467, ""B2"": -0.02374900790168666, ""K"": 0.0}","{""A1"": -0.0062509920983134515, ""A2"": -0.006250992098313424, ""A3"": -0.006250992098313424, ""A4"": -0.006250992098313313, ""B1"": -0.006250992098313424, ""B2"": 0.023749007901686575, ""K"": 0.007505952589880467}","{""hough_horizontal_threshold"": 0.0, ""hough_oblique_threshold"": 0.0, ""line_merge_distance"": 0.0, ""line_snap_tolerance_px"": 0.0, ""r_surface_min"": 0.0, ""r_surface_min_frac"": 0.0, ""segmentation_slot_inset_y"": 0.0}",0.7235825253941496,0.0630689534390678,9.0,1,0.2,candidate = SAM4Tun_prior + retrieved_successful_delta
sam4tun:4-6/r283:from_113,4-6/r283,SAM4Tun,v4:4-6/r283:t000,v4:4-6/r283:t113,bo,0.004931483880595833,0.704578377001739,"{""A1"": -0.13542652242317302, ""A2"": 0.11061613476929821, ""A3"": -0.15354979736761298, ""A4"": -0.08353836195420206, ""B1"": 0.704578377001739, ""B2"": 0.043483831889515656, ""K"": 0.0}","{""A1"": 0.2460426571924712, ""A2"": 0.7358340678630889, ""A3"": 0.0700114354134109, ""A4"": 0.1270221938437178, ""B1"": 0.15999510057508806, ""B2"": -0.043483831889515726, ""K"": 0.704578377001739}","{""hough_horizontal_threshold"": 8.0, ""hough_oblique_threshold"": 29.0, ""line_merge_distance"": -7.3383, ""line_snap_tolerance_px"": 15.0169, ""r_surface_min"": 0.0022999999999999687, ""r_surface_min_frac"": 0.101823, ""segmentation_slot_inset_y"": 10.9062}",0.3537848102321216,0.0630689534390678,12.0,1,0.2,candidate = SAM4Tun_prior + retrieved_successful_delta
sam4tun:4-6/r283:from_077,4-6/r283,SAM4Tun,v4:4-6/r283:t000,v4:4-6/r283:t077,bo,0.0336379918029201,0.5362199717660977,"{""A1"": 0.5810986667618278, ""A2"": -0.017316945673115425, ""A3"": 0.3951909284146108, ""A4"": -0.03010483214002535, ""B1"": 0.5362199717660977, ""B2"": -0.006219212725630863, ""K"": 0.0}","{""A1"": 0.4015843875650568, ""A2"": 0.4125078740877264, ""A3"": 0.5747042394453639, ""A4"": 0.0238856194143946, ""B1"": 0.04487869499573002, ""B2"": 0.006219212725630807, ""K"": 0.5362199717660977}","{""hough_horizontal_threshold"": 80.0, ""hough_oblique_threshold"": 39.0, ""line_merge_distance"": -5.7382, ""line_snap_tolerance_px"": -27.6614, ""r_surface_min"": 0.0036999999999998145, ""r_surface_min_frac"": 0.163996, ""segmentation_slot_inset_y"": 0.0981}",0.3151658616030778,0.0630689534390678,13.0,1,0.2,candidate = SAM4Tun_prior + retrieved_successful_delta
sam4tun:4-6/r283:from_087,4-6/r283,SAM4Tun,v4:4-6/r283:t000,v4:4-6/r283:t087,bo,-0.029542512562877377,0.1441970409042208,"{""A1"": 0.1391393430036688, ""A2"": 0.29402969134436124, ""A3"": -0.22215625175827447, ""A4"": 0.04333590080190197, ""B1"": 0.1441970409042208, ""B2"": 0.047047252432017794, ""K"": 0.0}","{""A1"": 0.15489034834069243, ""A2"": 0.48381405689736434, ""A3"": 0.26549215256017644, ""A4"": 0.0037113516301159055, ""B1"": -0.005057697900552022, ""B2"": -0.04704725243201788, ""K"": 0.1441970409042208}","{""hough_horizontal_threshold"": 78.0, ""hough_oblique_threshold"": 21.0, ""line_merge_distance"": -4.5177, ""line_snap_tolerance_px"": 25.031100000000002, ""r_surface_min"": 0.005799999999999805, ""r_surface_min_frac"": 0.257255, ""segmentation_slot_inset_y"": 2.3163}",0.2986060603900599,0.0630689534390678,14.0,1,0.2,candidate = SAM4Tun_prior + retrieved_successful_delta
sam4tun:4-6/r283:from_029,4-6/r283,SAM4Tun,v4:4-6/r283:t000,v4:4-6/r283:t029,perturb_offset_shift,0.0,0.10093726679912671,"{""A1"": -0.09038846057338215, ""A2"": -0.09796562084361371, ""A3"": 0.117089179643168, ""A4"": -0.0919784435756188, ""B1"": 0.10093726679912665, ""B2"": -0.07756618580714492, ""K"": 0.0}","{""A1"": -0.0075771602702315866, ""A2"": 0.21505480048678174, ""A3"": 0.7909323767812133, ""A4"": 0.014412257768473907, ""B1"": 0.8086742726274913, ""B2"": 0.07756618580714489, ""K"": 0.10093726679912665}","{""hough_horizontal_threshold"": 0.0, ""hough_oblique_threshold"": 0.0, ""line_merge_distance"": 0.0, ""line_snap_tolerance_px"": 0.0, ""r_surface_min"": 0.0, ""r_surface_min_frac"": 0.0, ""segmentation_slot_inset_y"": 0.0}",0.297406364436915,0.0630689534390678,15.0,1,0.2,candidate = SAM4Tun_prior + retrieved_successful_delta
sam4tun:4-6/r283:from_039,4-6/r283,SAM4Tun,v4:4-6/r283:t000,v4:4-6/r283:t039,perturb_offset_shift,0.0,0.10093726679912671,"{""A1"": -0.09038846057338215, ""A2"": -0.09796562084361371, ""A3"": 0.117089179643168, ""A4"": -0.0919784435756188, ""B1"": 0.10093726679912665, ""B2"": -0.07756618580714492, ""K"": 0.0}","{""A1"": -0.0075771602702315866, ""A2"": 0.21505480048678174, ""A3"": 0.7909323767812133, ""A4"": 0.014412257768473907, ""B1"": 0.8086742726274913, ""B2"": 0.07756618580714489, ""K"": 0.10093726679912665}","{""hough_horizontal_threshold"": 0.0, ""hough_oblique_threshold"": 0.0, ""line_merge_distance"": 0.0, ""line_snap_tolerance_px"": 0.0, ""r_surface_min"": 0.0, ""r_surface_min_frac"": 0.0, ""segmentation_slot_inset_y"": 0.0}",0.297406364436915,0.0630689534390678,15.0,1,0.2,candidate = SAM4Tun_prior + retrieved_successful_delta
sam4tun:4-6/r283:from_031,4-6/r283,SAM4Tun,v4:4-6/r283:t000,v4:4-6/r283:t031,perturb_wrong_r_high,0.0,0.0,"{""A1"": 0.0, ""A2"": 0.0, ""A3"": 0.0, ""A4"": 0.0, ""B1"": 0.0, ""B2"": 0.0, ""K"": 0.0}","{""A1"": 0.0, ""A2"": 0.0, ""A3"": 0.0, ""A4"": 0.0, ""B1"": 0.0, ""B2"": 0.0, ""K"": 0.0}","{""hough_horizontal_threshold"": 0.0, ""hough_oblique_threshold"": 0.0, ""line_merge_distance"": 0.0, ""line_snap_tolerance_px"": 0.0, ""r_surface_min"": 0.021399999999999864, ""r_surface_min_frac"": 0.950039, ""segmentation_slot_inset_y"": 0.0}",0.2846541423497096,0.0630689534390678,17.0,1,0.2,candidate = SAM4Tun_prior + retrieved_successful_delta
sam4tun:4-6/r283:from_041,4-6/r283,SAM4Tun,v4:4-6/r283:t000,v4:4-6/r283:t041,perturb_wrong_r_high,0.0,0.0,"{""A1"": 0.0, ""A2"": 0.0, ""A3"": 0.0, ""A4"": 0.0, ""B1"": 0.0, ""B2"": 0.0, ""K"": 0.0}","{""A1"": 0.0, ""A2"": 0.0, ""A3"": 0.0, ""A4"": 0.0, ""B1"": 0.0, ""B2"": 0.0, ""K"": 0.0}","{""hough_horizontal_threshold"": 0.0, ""hough_oblique_threshold"": 0.0, ""line_merge_distance"": 0.0, ""line_snap_tolerance_px"": 0.0, ""r_surface_min"": 0.021399999999999864, ""r_surface_min_frac"": 0.950039, ""segmentation_slot_inset_y"": 0.0}",0.2846541423497096,0.0630689534390678,17.0,1,0.2,candidate = SAM4Tun_prior + retrieved_successful_delta
sam4tun:4-6/r283:from_088,4-6/r283,SAM4Tun,v4:4-6/r283:t000,v4:4-6/r283:t088,bo,-0.025393569682901684,0.7947148809630701,"{""A1"": 0.009825078625678108, ""A2"": 0.46773047804542495, ""A3"": -0.07084046611232409, ""A4"": -0.5438047508413123, ""B1"": 0.7947148809630701, ""B2"": 0.03226514494159194, ""K"": 0.0}","{""A1"": 0.4579053994197468, ""A2"": 0.461429055842251, ""A3"": 0.5270357152710118, ""A4"": 0.5760698957829044, ""B1"": 0.21511019766260805, ""B2"": -0.03226514494159201, ""K"": 0.7947148809630701}","{""hough_horizontal_threshold"": 14.0, ""hough_oblique_threshold"": 4.0, ""line_merge_distance"": -2.7531999999999996, ""line_snap_tolerance_px"": 38.447199999999995, ""r_surface_min"": 0.006999999999999673, ""r_surface_min_frac"": 0.310546, ""segmentation_slot_inset_y"": 22.0467}",0.2832261909508309,0.0630689534390678,19.0,1,0.2,candidate = SAM4Tun_prior + retrieved_successful_delta
sam4tun:4-6/r283:from_084,4-6/r283,SAM4Tun,v4:4-6/r283:t000,v4:4-6/r283:t084,bo,0.004036493580682532,0.03092655564402621,"{""A1"": 0.019729204008183343, ""A2"": -0.17027871963779279, ""A3"": 0.1850732559507614, ""A4"": -0.4971692660605308, ""B1"": 0.03092655564402625, ""B2"": 0.0018531452811727522, ""K"": 0.0}","{""A1"": 0.8099920763540238, ""A2"": 0.35535197558855425, ""A3"": 0.3177574779887078, ""A4"": 0.49902241134170366, ""B1"": -0.011197351635842928, ""B2"": -0.0018531452811728355, ""K"": 0.03092655564402625}","{""hough_horizontal_threshold"": 74.0, ""hough_oblique_threshold"": -9.0, ""line_merge_distance"": -10.6653, ""line_snap_tolerance_px"": 30.1357, ""r_surface_min"": 0.005999999999999783, ""r_surface_min_frac"": 0.266137, ""segmentation_slot_inset_y"": 20.1898}",0.2733653688786616,0.0630689534390678,20.0,1,0.2,candidate = SAM4Tun_prior + retrieved_successful_delta
sam4tun:4-6/r283:from_070,4-6/r283,SAM4Tun,v4:4-6/r283:t000,v4:4-6/r283:t070,bo,0.028160736471674996,0.7711023213711664,"{""A1"": -0.012889346939168794, ""A2"": 0.5753188168334433, ""A3"": 0.06247059111902076, ""A4"": 0.04067871665999501, ""B1"": 0.7711023213711664, ""B2"": 0.05778159558403484, ""K"": 0.0}","{""A1"": 0.588208163772612, ""A2"": 0.48715177428557754, ""A3"": -0.02179187445902575, ""A4"": 0.017102878924039944, ""B1"": 0.21600833168966474, ""B2"": -0.05778159558403494, ""K"": 0.7711023213711664}","{""hough_horizontal_threshold"": 64.0, ""hough_oblique_threshold"": 37.0, ""line_merge_distance"": -10.4092, ""line_snap_tolerance_px"": 29.049300000000002, ""r_surface_min"": 0.0019000000000000128, ""r_surface_min_frac"": 0.084059, ""segmentation_slot_inset_y"": 19.0787}",0.2641434841682946,0.0630689534390678,21.0,1,0.2,candidate = SAM4Tun_prior + retrieved_successful_delta
sam4tun:4-6/r283:from_050,4-6/r283,SAM4Tun,v4:4-6/r283:t000,v4:4-6/r283:t050,bo,-0.030388625814398662,0.0377928402506101,"{""A1"": -0.025997256114900474, ""A2"": 0.5986848373673772, ""A3"": 0.21989522022476093, ""A4"": 0.019695119893896162, ""B1"": 0.037792840250610145, ""B2"": 0.0722313504104366, ""K"": 0.0}","{""A1"": 0.6246820934822777, ""A2"": 0.6212103828573838, ""A3"": 0.7997998996691352, ""A4"": 0.05253623051654055, ""B1"": -0.06379009636551061, ""B2"": -0.07223135041043666, ""K"": 0.037792840250610145}","{""hough_horizontal_threshold"": 15.0, ""hough_oblique_threshold"": 52.0, ""line_merge_distance"": -3.3762000000000008, ""line_snap_tolerance_px"": -21.503, ""r_surface_min"": 0.0026999999999999247, ""r_surface_min_frac"": 0.119587, ""segmentation_slot_inset_y"": 20.5383}",0.2604857739215554,0.0630689534390678,22.0,1,0.2,candidate = SAM4Tun_prior + retrieved_successful_delta
sam4tun:4-6/r283:from_072,4-6/r283,SAM4Tun,v4:4-6/r283:t000,v4:4-6/r283:t072,bo,-0.028290944260544182,0.8685643683991022,"{""A1"": -0.08904076892352877, ""A2"": 0.04137140956604418, ""A3"": -0.16886471918834323, ""A4"": -0.15129522381030214, ""B1"": 0.8685643683991022, ""B2"": -0.22600334549985424, ""K"": 0.0}","{""A1"": 0.13041217848957287, ""A2"": 0.7897638712456126, ""A3"": 0.01756949537804109, ""A4"": -0.07470812168955206, ""B1"": 0.042394862677369, ""B2"": 0.22600334549985424, ""K"": 0.8685643683991022}","{""hough_horizontal_threshold"": -5.0, ""hough_oblique_threshold"": 3.0, ""line_merge_distance"": -9.8641, ""line_snap_tolerance_px"": -22.912399999999998, ""r_surface_min"": 0.006399999999999739, ""r_surface_min_frac"": 0.283901, ""segmentation_slot_inset_y"": 9.6104}",0.2586645375711371,0.0630689534390678,23.0,1,0.2,candidate = SAM4Tun_prior + retrieved_successful_delta
sam4tun:4-6/r283:from_100,4-6/r283,SAM4Tun,v4:4-6/r283:t000,v4:4-6/r283:t100,bo,-0.006234422109116566,-0.0265504590949448,"{""A1"": 0.36785508970332703, ""A2"": 0.2596973031473046, ""A3"": 0.0512786115364855, ""A4"": -0.5467482333966831, ""B1"": -0.026550459094944794, ""B2"": -0.019907573722120375, ""K"": 0.0}","{""A1"": -0.10815778655602236, ""A2"": 0.791581308389181, ""A3"": 0.4019731550668314, ""A4"": 0.5268406596745628, ""B1"": 0.39440554879827183, ""B2"": 0.01990757372212032, ""K"": -0.026550459094944794}","{""hough_horizontal_threshold"": 37.0, ""hough_oblique_threshold"": 1.0, ""line_merge_distance"": -0.20459999999999923, ""line_snap_tolerance_px"": -31.0946, ""r_surface_min"": 0.004999999999999893, ""r_surface_min_frac"": 0.221728, ""segmentation_slot_inset_y"": 0.8025}",0.251067873846267,0.0630689534390678,24.0,1,0.2,candidate = SAM4Tun_prior + retrieved_successful_delta
sam4tun:5-5/r258:from_043,5-5/r258,SAM4Tun,v4:5-5/r258:t000,v4:5-5/r258:t043,bo,0.5550094499882318,0.8151949640768907,"{""A1"": -0.08760376384972637, ""A2"": -0.05190041267979634, ""A3"": 0.3600656700103403, ""A4"": -0.6646759612807336, ""B1"": 0.8151949640768907, ""B2"": -0.3640030017309668, ""K"": 0.0}","{""A1"": 0.03570335116993001, ""A2"": 0.4119660826901367, ""A3"": -0.024741631291073984, ""A4"": 0.3006729595497669, ""B1"": 0.09720127207338283, ""B2"": 0.3640030017309667, ""K"": 0.8151949640768907}","{""hough_horizontal_threshold"": 71.0, ""hough_oblique_threshold"": -12.0, ""line_merge_distance"": -5.0431, ""line_snap_tolerance_px"": -29.8418, ""r_surface_min"": 0.039200000000000124, ""r_surface_min_frac"": 0.248254, ""segmentation_slot_inset_y"": 3.924}",0.2798888190606782,0.5946111809393217,1.0,1,0.2,candidate = SAM4Tun_prior + retrieved_successful_delta
sam4tun:5-5/r258:from_051,5-5/r258,SAM4Tun,v4:5-5/r258:t000,v4:5-5/r258:t051,bo,0.5785307477339683,0.2272243222956074,"{""A1"": -0.14636223470965629, ""A2"": -0.05436622232692773, ""A3"": 0.3851182867335081, ""A4"": -0.12296053310569821, ""B1"": 0.2272243222956074, ""B2"": -0.350686286035943, ""K"": 0.0}","{""A1"": 0.0919960123827285, ""A2"": 0.439484509060436, ""A3"": 0.49192118016079367, ""A4"": 0.7722742470697552, ""B1"": 0.6264134429947363, ""B2"": 0.35068628603594293, ""K"": 0.2272243222956074}","{""hough_horizontal_threshold"": 71.0, ""hough_oblique_threshold"": -4.0, ""line_merge_distance"": -6.2674, ""line_snap_tolerance_px"": 9.719299999999997, ""r_surface_min"": 0.06990000000000007, ""r_surface_min_frac"": 0.442826, ""segmentation_slot_inset_y"": 16.339}",0.2580077454395321,0.5946111809393217,2.0,1,0.2,candidate = SAM4Tun_prior + retrieved_successful_delta
sam4tun:5-5/r258:from_048,5-5/r258,SAM4Tun,v4:5-5/r258:t000,v4:5-5/r258:t048,bo,0.5340090129214031,0.933501091488923,"{""A1"": -0.049138787741456, ""A2"": -0.23630982182579457, ""A3"": 0.31079944604136367, ""A4"": -0.6787675485078475, ""B1"": 0.933501091488923, ""B2"": -0.28799591887378917, ""K"": 0.0}","{""A1"": 0.8128289659156613, ""A2"": 0.5471092678671582, ""A3"": 0.010433005450788818, ""A4"": 0.3907716296340584, ""B1"": 0.01736012076962104, ""B2"": 0.2879959188737891, ""K"": 0.933501091488923}","{""hough_horizontal_threshold"": 25.0, ""hough_oblique_threshold"": 9.0, ""line_merge_distance"": -3.2171000000000003, ""line_snap_tolerance_px"": 40.67829999999999, ""r_surface_min"": 0.12159999999999993, ""r_surface_min_frac"": 0.770493, ""segmentation_slot_inset_y"": 12.2514}",0.2539022661445569,0.5946111809393217,3.0,1,0.2,candidate = SAM4Tun_prior + retrieved_successful_delta
sam4tun:5-5/r258:from_023,5-5/r258,SAM4Tun,v4:5-5/r258:t000,v4:5-5/r258:t023,perturb_misaligned,0.533144384662998,0.7323046436281616,"{""A1"": -0.01673871061117646, ""A2"": -0.01946764532714612, ""A3"": 0.338207225898537, ""A4"": -0.6668606086540096, ""B1"": 0.7323046436281616, ""B2"": -0.006293447450954837, ""K"": 0.0}","{""A1"": -0.0027289347159696886, ""A2"": 0.3576748712256832, ""A3"": -0.005067834552546724, ""A4"": 0.6605671612030549, ""B1"": 0.2509566457606619, ""B2"": 0.006293447450954809, ""K"": 0.7323046436281616}","{""hough_horizontal_threshold"": 24.0, ""hough_oblique_threshold"": 38.0, ""line_merge_distance"": -7.6666, ""line_snap_tolerance_px"": -11.118099999999998, ""r_surface_min"": 0.0, ""r_surface_min_frac"": 0.0, ""segmentation_slot_inset_y"": 6.3717}",0.245944737602976,0.6285552623970241,4.0,1,0.2,candidate = SAM4Tun_prior + retrieved_successful_delta
sam4tun:5-5/r258:from_013,5-5/r258,SAM4Tun,v4:5-5/r258:t000,v4:5-5/r258:t013,perturb_misaligned,0.533144384662998,0.7323046436281616,"{""A1"": -0.01673871061117646, ""A2"": -0.01946764532714612, ""A3"": 0.338207225898537, ""A4"": -0.6668606086540096, ""B1"": 0.7323046436281616, ""B2"": -0.006293447450954837, ""K"": 0.0}","{""A1"": -0.0027289347159696886, ""A2"": 0.3576748712256832, ""A3"": -0.005067834552546724, ""A4"": 0.6605671612030549, ""B1"": 0.2509566457606619, ""B2"": 0.006293447450954809, ""K"": 0.7323046436281616}","{""hough_horizontal_threshold"": 24.0, ""hough_oblique_threshold"": 38.0, ""line_merge_distance"": -7.6666, ""line_snap_tolerance_px"": -11.118099999999998, ""r_surface_min"": 0.0, ""r_surface_min_frac"": 0.0, ""segmentation_slot_inset_y"": 6.3717}",0.245944737602976,0.6285552623970241,4.0,1,0.2,candidate = SAM4Tun_prior + retrieved_successful_delta
sam4tun:5-5/r258:from_057,5-5/r258,SAM4Tun,v4:5-5/r258:t000,v4:5-5/r258:t057,bo,0.6042587101147512,0.5805690354010763,"{""A1"": -0.1263065984720481, ""A2"": 0.2877275519264951, ""A3"": 0.34894865690884624, ""A4"": 0.03854232082801978, ""B1"": 0.5805690354010763, ""B2"": -0.4880343041508124, ""K"": 0.0}","{""A1"": 0.41403415039854313, ""A2"": 0.06122110498235128, ""A3"": 0.6895936639191735, ""A4"": 0.4734233750211678, ""B1"": 0.29312436612687554, ""B2"": 0.48803430415081234, ""K"": 0.5805690354010763}","{""hough_horizontal_threshold"": 3.0, ""hough_oblique_threshold"": -10.0, ""line_merge_distance"": -4.1849, ""line_snap_tolerance_px"": 25.6119, ""r_surface_min"": 0.05920000000000014, ""r_surface_min_frac"": 0.375011, ""segmentation_slot_inset_y"": 0.5155}",0.2428436343896495,0.5946111809393217,6.0,1,0.2,candidate = SAM4Tun_prior + retrieved_successful_delta
sam4tun:5-5/r258:from_018,5-5/r258,SAM4Tun,v4:5-5/r258:t000,v4:5-5/r258:t018,perturb_ambiguous_lines,0.5179948053848734,0.713191642835074,"{""A1"": 0.006462150482158924, ""A2"": -0.07482974669552095, ""A3"": 0.34230642169120207, ""A4"": -0.6822327112377985, ""B1"": 0.713191642835074, ""B2"": -0.022520589518920442, ""K"": 0.0}","{""A1"": -0.08129189717767989, ""A2"": 0.4171361683867232, ""A3"": -0.02453913292900059, ""A4"": 0.659712121718878, ""B1"": 0.29327050764708507, ""B2"": 0.022520589518920414, ""K"": 0.713191642835074}","{""hough_horizontal_threshold"": 24.0, ""hough_oblique_threshold"": 38.0, ""line_merge_distance"": -0.6538000000000004, ""line_snap_tolerance_px"": 37.141000000000005, ""r_surface_min"": 0.0, ""r_surface_min_frac"": 0.0, ""segmentation_slot_inset_y"": 6.3717}",0.2324341652048754,0.6285552623970241,7.0,1,0.2,candidate = SAM4Tun_prior + retrieved_successful_delta
sam4tun:5-5/r258:from_014,5-5/r258,SAM4Tun,v4:5-5/r258:t000,v4:5-5/r258:t014,perturb_weak_hough,0.5179948053848734,0.713191642835074,"{""A1"": 0.006462150482158924, ""A2"": -0.07482974669552095, ""A3"": 0.34230642169120207, ""A4"": -0.6822327112377985, ""B1"": 0.713191642835074, ""B2"": -0.022520589518920442, ""K"": 0.0}","{""A1"": -0.08129189717767989, ""A2"": 0.4171361683867232, ""A3"": -0.02453913292900059, ""A4"": 0.659712121718878, ""B1"": 0.29327050764708507, ""B2"": 0.022520589518920414, ""K"": 0.713191642835074}","{""hough_horizontal_threshold"": 68.0, ""hough_oblique_threshold"": 51.0, ""line_merge_distance"": -7.6666, ""line_snap_tolerance_px"": -11.118099999999998, ""r_surface_min"": 0.0, ""r_surface_min_frac"": 0.0, ""segmentation_slot_inset_y"": 6.3717}",0.2324341652048754,0.6285552623970241,7.0,1,0.2,candidate = SAM4Tun_prior + retrieved_successful_delta
sam4tun:5-5/r258:from_012,5-5/r258,SAM4Tun,v4:5-5/r258:t000,v4:5-5/r258:t012,perturb_wrong_r_low,0.5179948053848734,0.713191642835074,"{""A1"": 0.006462150482158924, ""A2"": -0.07482974669552095, ""A3"": 0.34230642169120207, ""A4"": -0.6822327112377985, ""B1"": 0.713191642835074, ""B2"": -0.022520589518920442, ""K"": 0.0}","{""A1"": -0.08129189717767989, ""A2"": 0.4171361683867232, ""A3"": -0.02453913292900059, ""A4"": 0.659712121718878, ""B1"": 0.29327050764708507, ""B2"": 0.022520589518920414, ""K"": 0.713191642835074}","{""hough_horizontal_threshold"": 24.0, ""hough_oblique_threshold"": 38.0, ""line_merge_distance"": -7.6666, ""line_snap_tolerance_px"": -11.118099999999998, ""r_surface_min"": 0.007899999999999796, ""r_surface_min_frac"": 0.049879, ""segmentation_slot_inset_y"": 6.3717}",0.2324341652048754,0.6420658347951246,7.0,1,0.2,candidate = SAM4Tun_prior + retrieved_successful_delta
sam4tun:5-5/r258:from_022,5-5/r258,SAM4Tun,v4:5-5/r258:t000,v4:5-5/r258:t022,perturb_wrong_r_low,0.5179948053848734,0.713191642835074,"{""A1"": 0.006462150482158924, ""A2"": -0.07482974669552095, ""A3"": 0.34230642169120207, ""A4"": -0.6822327112377985, ""B1"": 0.713191642835074, ""B2"": -0.022520589518920442, ""K"": 0.0}","{""A1"": -0.08129189717767989, ""A2"": 0.4171361683867232, ""A3"": -0.02453913292900059, ""A4"": 0.659712121718878, ""B1"": 0.29327050764708507, ""B2"": 0.022520589518920414, ""K"": 0.713191642835074}","{""hough_horizontal_threshold"": 24.0, ""hough_oblique_threshold"": 38.0, ""line_merge_distance"": -7.6666, ""line_snap_tolerance_px"": -11.118099999999998, ""r_surface_min"": 0.007899999999999796, ""r_surface_min_frac"": 0.049879, ""segmentation_slot_inset_y"": 6.3717}",0.2324341652048754,0.6285552623970241,7.0,1,0.2,candidate = SAM4Tun_prior + retrieved_successful_delta
sam4tun:5-5/r258:from_001,5-5/r258,SAM4Tun,v4:5-5/r258:t000,v4:5-5/r258:t001,intrinsic_r_otsu,0.5179948053848734,0.713191642835074,"{""A1"": 0.006462150482158924, ""A2"": -0.07482974669552095, ""A3"": 0.34230642169120207, ""A4"": -0.6822327112377985, ""B1"": 0.713191642835074, ""B2"": -0.022520589518920442, ""K"": 0.0}","{""A1"": -0.08129189717767989, ""A2"": 0.4171361683867232, ""A3"": -0.02453913292900059, ""A4"": 0.659712121718878, ""B1"": 0.29327050764708507, ""B2"": 0.022520589518920414, ""K"": 0.713191642835074}","{""hough_horizontal_threshold"": 24.0, ""hough_oblique_threshold"": 38.0, ""line_merge_distance"": -7.6666, ""line_snap_tolerance_px"": -11.118099999999998, ""r_surface_min"": 0.0, ""r_surface_min_frac"": 0.0, ""segmentation_slot_inset_y"": 6.3717}",0.2324341652048754,0.6420658347951246,7.0,1,0.2,candidate = SAM4Tun_prior + retrieved_successful_delta
sam4tun:5-5/r258:from_033,5-5/r258,SAM4Tun,v4:5-5/r258:t000,v4:5-5/r258:t033,bo,0.5088196076471757,0.1457336682402136,"{""A1"": 0.03702378262317471, ""A2"": -0.12465438578258997, ""A3"": 0.026032105544517847, ""A4"": 0.04821126681796062, ""B1"": 0.1457336682402136, ""B2"": -0.2764167965641142, ""K"": 0.0}","{""A1"": 0.8383218315942353, ""A2"": 0.15068649132710785, ""A3"": 0.02217916127344277, ""A4"": 0.6753719366179252, ""B1"": -0.10870988561703888, ""B2"": 0.2764167965641142, ""K"": 0.1457336682402136}","{""hough_horizontal_threshold"": 51.0, ""hough_oblique_threshold"": -15.0, ""line_merge_distance"": -9.3758, ""line_snap_tolerance_px"": 31.332800000000006, ""r_surface_min"": 0.0979000000000001, ""r_surface_min_frac"": 0.620286, ""segmentation_slot_inset_y"": 9.7683}",0.2267963492522772,0.6285552623970241,12.0,1,0.2,candidate = SAM4Tun_prior + retrieved_successful_delta
