trial_id,tunnel_id,ring_id,case_id,kind,k_y,per_ring_offsets,r_surface_min_ceiling_ref,gt_miou,best_so_far,regret_vs_ceiling,search_x,hough_threshold,hough_oblique_threshold,hough_horizontal_threshold,merge_distance_threshold,line_merge_distance,single_ring_visual_slot_snap_px,line_snap_tolerance_px,slot_inset_y,segmentation_slot_inset_y,agent_error,n_reclassified_by_r_filter,r_surface_min,r_surface_min_frac,r_surface_min_otsu_ref,k_y_frac,arc_width_entropy,order_branch,branch_is_minus,direction_score_plus,direction_score_minus,direction_margin,direction_select_enabled,det_k_count_match,det_k_confidence_avg,det_block_count_per_ring,det_y_coverage_pct,det_min_y_gap_px,det_y_order_consistency,det_ready_for_segmentation,det_guardrail_violations,bo_surrogate_mean,bo_surrogate_std,ei_value
0,5-5,258,5-5/r258,geometric_0,0.0,"{""0"": {""K"": 0.0, ""B1"": 664.2857142857143, ""A1"": 1328.5714285714287, ""A2"": 1992.8571428571431, ""A3"": 2657.1428571428573, ""A4"": 3321.428571428572, ""B2"": 3985.7142857142867}}",3.7349,0.1423308467460786,0.1423308467460786,0.7321691532539214,"[0.0, 0.0, 0.14285714285714288, 0.28571428571428575, 0.4285714285714286, 0.5714285714285715, 0.7142857142857144, 0.8571428571428573, 0.29333333333333333, 0.36363636363636365, 0.18181818181818182, 0.2, 0.0, 0.5]",37.0,37.0,50.0,3.0,3.0,20.0,20.0,0.0,0.0,False,0,3.6738,0.499867,3.157,0.0,1.9459101490553135,plus,False,0.7222222222273251,0.7222222222243135,3.0115909765981996e-12,True,True,1.0,True,100.0,664.1999999999998,1.0,True,[],,,
1,5-5,258,5-5/r258,geometric_1,0.0,"{""0"": {""K"": 0.0, ""B1"": 325.50000000000006, ""A1"": 1023.0, ""A2"": 1720.5, ""A3"": 2418.0, ""A4"": 3115.5, ""B2"": 3813.0000000000005}}",3.7349,0.18821867834817793,0.18821867834817793,0.6862813216518221,"[0.0, 0.0, 0.07, 0.22, 0.37, 0.52, 0.67, 0.8200000000000001, 0.29333333333333333, 0.36363636363636365, 0.18181818181818182, 0.2, 0.0, 0.5]",37.0,37.0,50.0,3.0,3.0,20.0,20.0,0.0,0.0,False,0,3.6738,0.499867,3.157,0.0,1.917651908306252,plus,False,3.825499999999999,3.4366111111111106,0.3888888888888884,True,True,1.0,True,100.0,325.5,1.0,True,[],,,
2,5-5,258,5-5/r258,intrinsic_r_otsu,2906.6939197117013,"{""0"": {""K"": 0.0, ""B1"": 3606.9384596401496, ""A1"": 1047.2134334562522, ""A2"": 1395.7732248371983, ""A3"": 4062.023521092618, ""A4"": 24.48366622992247, ""B2"": 3818.712145479863}}",3.7349,0.23243416520487548,0.23243416520487548,0.6420658347951246,"[0.625095466604667, 0.8972138009695755, 0.7756856902451935, 0.22520718999059186, 0.30016628491122543, 0.8735534453962619, 0.005265304565574724, 0.8212284183827663, 0.7970694287520462, 0.4679349528437208, 0.3030324268193135, 0.2784256121007733, 0.2548695876541246, 0.0]",75.0,75.0,61.0,4.3334,4.3334,25.8819,25.8819,6.3717,6.3717,False,0,3.5949,0.0,3.157,0.625095466604667,1.7020488428809706,plus,False,1.2753198567675919,1.2569161137013436,0.018403743066248257,True,True,1.0,True,100.0,24.5,0.0,True,[],,,
3,5-5,258,5-5/r258,random,2346.149404154483,"{""0"": {""K"": 0.0, ""B1"": 4629.076317969926, ""A1"": 3685.8779243439517, ""A2"": 2893.1334169014062, ""A3"": 4598.664686720765, ""A4"": 1001.1854467955351, ""B2"": 744.9859574389772}}",3.7349,0.06853398966963636,0.23243416520487548,0.6420658347951246,"[0.5045482589579533, 0.5534973520744925, 0.9955002834343927, 0.7926619192137531, 0.6221792294411627, 0.9889601476818849, 0.21530869823559895, 0.16021203385784455, 0.6125396042730308, 0.04394200796138337, 0.03568027877359614, 0.5148888202713703, 0.4662060253252891, 0.9171677731928523]",61.0,61.0,15.0,1.3925,1.3925,43.6167,43.6167,11.6552,11.6552,False,0,3.7396,0.916898,3.157,0.5045482589579533,1.8583562585459996,plus,False,-0.3987182945825119,-0.557121011126735,0.15840271654422305,True,True,1.0,True,100.0,20.90000000000009,0.0,True,[],,,
4,5-5,258,5-5/r258,random,2925.9020833831987,"{""0"": {""K"": 0.0, ""B1"": 2310.461474579795, ""A1"": 1150.9443874270883, ""A2"": 54.842218772652245, ""A3"": 894.6699695316945, ""A4"": 3217.949362100552, ""B2"": 932.8212665395276}}",3.7349,0.15484558061501755,0.23243416520487548,0.6420658347951246,"[0.6292262544910104, 0.5141176465995139, 0.49687343539350426, 0.24751492202733083, 0.01179402554250586, 0.19240214398531064, 0.6920321208818392, 0.2006067239869952, 0.3695363106022067, 0.0037342420520759534, 0.8300477298017456, 0.15446108106143985, 0.26759930456378545, 0.8803321539808286]",43.0,43.0,10.0,10.1305,10.1305,16.5846,16.5846,6.69,6.69,False,0,3.7338,0.880138,3.157,0.6292262544910104,1.8730249625200213,minus,True,1.4651391713753994,2.00715905319381,0.5420198818184105,True,True,1.0,True,100.0,38.09999999999991,0.0,True,[],,,
5,5-5,258,5-5/r258,random,2370.5272658881677,"{""0"": {""K"": 0.0, ""B1"": 2974.684826282747, ""A1"": 3449.2349052326354, ""A2"": 425.4545635431623, ""A3"": 2516.318769400673, ""A4"": 2361.1408987966274, ""B2"": 4051.728101621895}}",3.7349,0.12463268148848039,0.23243416520487548,0.6420658347951246,"[0.5097908098684232, 0.8471502463658693, 0.6397171669425262, 0.7417709473618571, 0.09149560506304566, 0.5411438213764888, 0.50777223630035, 0.8713393766928806, 0.3612640590141576, 0.5981840672072131, 0.05925164234550362, 0.3876318011107287, 0.32303634625820665, 0.15019972907045187]",42.0,42.0,76.0,1.6518,1.6518,34.0724,34.0724,8.0759,8.0759,False,0,3.6186,0.150017,3.157,0.5097908098684232,1.7352813753567913,plus,False,1.0888691935996375,0.9949212188572917,0.09394797474234584,True,True,1.0,True,100.0,155.10000000000002,0.0,True,[],,,
6,5-5,258,5-5/r258,random,3795.972182758702,"{""0"": {""K"": 0.0, ""B1"": 4551.17766251218, ""A1"": 2743.461372499338, ""A2"": 2813.5115803088083, ""A3"": 2966.6841006657446, ""A4"": 3145.4936337294657, ""B2"": 701.1642891329145}}",3.7349,0.09838488798359588,0.23243416520487548,0.6420658347951246,"[0.8163381038190757, 0.37944617155031246, 0.9787478844112216, 0.5899916930106103, 0.6050562538298513, 0.6379965807883322, 0.6764502438127883, 0.1507880191683687, 0.44031346718818754, 0.23956396182952333, 0.40249829810398163, 0.09670409393174562, 0.9678280510488214, 0.21500403735588003]",48.0,48.0,36.0,5.4275,5.4275,12.2528,12.2528,24.1957,24.1957,False,0,3.6289,0.215297,3.157,0.8163381038190757,1.4704178581757068,plus,False,1.296722533367341,0.19336970886627056,1.1033528245010704,True,True,1.0,True,100.0,70.09999999999991,0.0,True,[],,,
7,5-5,258,5-5/r258,random,3123.708006142475,"{""0"": {""K"": 0.0, ""B1"": 4064.458171595196, ""A1"": 3079.2985332738103, ""A2"": 612.0135435086216, ""A3"": 3929.595592066671, ""A4"": 4394.008995824155, ""B2"": 4203.213065111059}}",3.7349,0.0706440455981904,0.23243416520487548,0.6420658347951246,"[0.6717651626112849, 0.3004200814790703, 0.8740770261495044, 0.6622147383384538, 0.13161581580830573, 0.8450743208745529, 0.9449481711449795, 0.9039167881959268, 0.5697191478592772, 0.1454599537609269, 0.19246349496833237, 0.9279056847445244, 0.5523264876672638, 0.18055249844891164]",58.0,58.0,26.0,3.1171,3.1171,74.5929,74.5929,13.8082,13.8082,False,0,3.6234,0.180439,3.157,0.6717651626112849,1.7354254627337802,plus,False,0.45957729344948367,0.432233729012701,0.027343564436782652,True,True,1.0,True,100.0,134.89999999999964,0.0,True,[],,,
8,5-5,258,5-5/r258,random,4110.864558013585,"{""0"": {""K"": 0.0, ""B1"": 2649.078376303207, ""A1"": 1749.7384380041285, ""A2"": 1910.9420620306537, ""A3"": 1113.6248389705786, ""A4"": 176.96638311426176, ""B2"": 4074.4174577081103}}",3.7349,0.07959201687159376,0.23243416520487548,0.6420658347951246,"[0.8840568941964699, 0.6415717052224807, 0.5696942744738079, 0.3762878361299201, 0.41095528215712984, 0.23948921268184487, 0.03805728669123909, 0.876218808109271, 0.4677302168140961, 0.5476351992137353, 0.3221633097802251, 0.7513249198549279, 0.025196870801760363, 0.37218527256520395]",50.0,50.0,70.0,4.5438,4.5438,61.3494,61.3494,0.6299,0.6299,False,0,3.6537,0.372476,3.157,0.8840568941964699,1.7244218378159588,minus,True,1.8766001655914537,2.7294812044379104,0.8528810388464567,True,True,1.0,True,100.0,161.20000000000005,0.0,True,[],,,
9,5-5,258,5-5/r258,random,141.12886888611908,"{""0"": {""K"": 0.0, ""B1"": 4497.23929459776, ""A1"": 3058.587394679092, ""A2"": 1991.224145711088, ""A3"": 2435.3915017837335, ""A4"": 4058.562819826201, ""B2"": 1600.5796015315218}}",3.7349,0.1911204297667768,0.23243416520487548,0.6420658347951246,"[0.03035029438411163, 0.12289210220500935, 0.9671482353973677, 0.6577607300385144, 0.4282202463894813, 0.5237401079104803, 0.8728092085647744, 0.3442106669960262, 0.5902909822897147, 0.6836843733395437, 0.35541377702351207, 0.5190984864959901, 0.7652473832785226, 0.9091793139905502]",59.0,59.0,85.0,4.9096,4.9096,43.9324,43.9324,19.1312,19.1312,False,0,3.7384,0.909293,3.157,0.03035029438411163,1.8142393329605415,plus,False,-1.8522850456967572,-2.06748188266673,0.2151968369699726,True,True,1.0,True,100.0,152.70000000000073,0.0,True,[],,,
10,5-5,258,5-5/r258,random,702.439593057192,"{""0"": {""K"": 0.0, ""B1"": 24.081726041759467, ""A1"": 3501.345391729556, ""A2"": 3768.9497609751897, ""A3"": 635.9528396730042, ""A4"": 1947.901976746311, ""B2"": 3790.9416926769622}}",3.7349,0.10411100196062333,0.23243416520487548,0.6420658347951246,"[0.1510622780768155, 0.9334193923074285, 0.005178865815432143, 0.752977503597754, 0.8105268303172452, 0.13676405154258153, 0.41890365091318515, 0.8152562779950456, 0.014271189684610608, 0.6284619478662907, 0.7930236580980341, 0.5130035828222085, 0.7258494205510871, 0.22642348269714407]",16.0,16.0,79.0,9.7233,9.7233,43.4753,43.4753,18.1462,18.1462,False,0,3.6307,0.226705,3.157,0.1510622780768155,1.5982099193957546,plus,False,1.3974830905887399,1.2187743642339612,0.17870872635477864,True,True,1.0,True,100.0,22.0,0.0,True,[],,,
11,5-5,258,5-5/r258,random,923.1233381659287,"{""0"": {""K"": 0.0, ""B1"": 834.2380281872313, ""A1"": 1609.1856918730248, ""A2"": 4408.776885560288, ""A3"": 2665.997136891712, ""A4"": 1581.3165135069053, ""B2"": 1262.5894821108516}}",3.7349,0.07051329326302593,0.23243416520487548,0.6420658347951246,"[0.19852114799267284, 0.3631269505503516, 0.17940602756714652, 0.34606143911247844, 0.9481240614108147, 0.5733327176111209, 0.34006806742083984, 0.2715246198087853, 0.9520394907075223, 0.44447820964711326, 0.9803947508805895, 0.515522669106271, 0.521166129026224, 0.8965405237160008]",86.0,86.0,59.0,11.7843,11.7843,43.6642,43.6642,13.0292,13.0292,False,0,3.7364,0.896617,3.157,0.19852114799267284,1.8129334770818162,plus,False,-0.06686133445321135,0.014727325012252879,0.08158865946546423,True,True,1.0,True,100.0,27.90000000000009,0.0,True,[],,,
12,5-5,258,5-5/r258,perturb_guardrail_smoke,93.0,"{""0"": {""K"": 0.0, ""B1"": 1924.506931990598, ""A1"": 2904.5728339878524, ""A2"": 2799.535499935954, ""A3"": 1784.3060093821477, ""A4"": 2469.7717403170273, ""B2"": 2295.9791103710268}}",3.7349,0.13223416107739094,0.23243416520487548,0.6420658347951246,"[0.02, 0.0, 0.41387245849260174, 0.6246393191371725, 0.6020506451475169, 0.3837217224477737, 0.5311337075950596, 0.49375894846688745, 0.7970694287520462, 0.4679349528437208, 0.3030324268193135, 0.2784256121007733, 0.2548695876541246, 0.0]",75.0,75.0,61.0,4.3334,4.3334,25.8819,25.8819,6.3717,6.3717,False,0,3.5949,0.0,3.157,0.02,1.7792109953987494,plus,False,-1.4172915063905014,-1.3023059157099925,0.11498559068050884,True,True,1.0,True,100.0,105.09999999999991,0.0,True,[],,,
13,5-5,258,5-5/r258,perturb_wrong_r_low,2906.6939197117013,"{""0"": {""K"": 0.0, ""B1"": 3606.9384596401496, ""A1"": 1047.2134334562522, ""A2"": 1395.7732248371983, ""A3"": 4062.023521092618, ""A4"": 24.48366622992247, ""B2"": 3818.712145479863}}",3.7349,0.23243416520487548,0.23243416520487548,0.6420658347951246,"[0.625095466604667, 0.0, 0.7756856902451935, 0.22520718999059186, 0.30016628491122543, 0.8735534453962619, 0.005265304565574724, 0.8212284183827663, 0.7970694287520462, 0.4679349528437208, 0.3030324268193135, 0.2784256121007733, 0.2548695876541246, 0.05]",75.0,75.0,61.0,4.3334,4.3334,25.8819,25.8819,6.3717,6.3717,False,0,3.6028,0.049879,3.157,0.625095466604667,1.7020488428809706,plus,False,1.2753198567675919,1.2569161137013436,0.018403743066248257,True,True,1.0,True,100.0,24.5,0.0,True,[],,,
14,5-5,258,5-5/r258,perturb_wrong_k,2225.6910543584513,"{""0"": {""K"": 0.0, ""B1"": 3606.9384596401496, ""A1"": 1047.2134334562522, ""A2"": 1395.7732248371983, ""A3"": 4062.023521092618, ""A4"": 24.48366622992247, ""B2"": 3818.712145479863}}",3.7349,0.09493610824044006,0.23243416520487548,0.6420658347951246,"[0.47864323749644117, 0.0, 0.7756856902451935, 0.22520718999059186, 0.30016628491122543, 0.8735534453962619, 0.005265304565574724, 0.8212284183827663, 0.7970694287520462, 0.4679349528437208, 0.3030324268193135, 0.2784256121007733, 0.2548695876541246, 0.0]",75.0,75.0,61.0,4.3334,4.3334,25.8819,25.8819,6.3717,6.3717,False,0,3.5949,0.0,3.157,0.47864323749644117,1.7020488428809706,plus,False,1.2753198567675919,1.2569161137013436,0.018403743066248257,True,True,1.0,True,100.0,24.5,0.0,True,[],,,
15,5-5,258,5-5/r258,perturb_ambiguous_lines,2906.6939197117013,"{""0"": {""K"": 0.0, ""B1"": 3606.9384596401496, ""A1"": 1047.2134334562522, ""A2"": 1395.7732248371983, ""A3"": 4062.023521092618, ""A4"": 24.48366622992247, ""B2"": 3818.712145479863}}",3.7349,0.23243416520487548,0.23243416520487548,0.6420658347951246,"[0.625095466604667, 0.0, 0.7756856902451935, 0.22520718999059186, 0.30016628491122543, 0.8735534453962619, 0.005265304565574724, 0.8212284183827663, 0.7970694287520462, 0.4679349528437208, 0.8876498869997137, 0.9709058720893163, 0.2548695876541246, 0.0]",75.0,75.0,61.0,10.7641,10.7641,77.8179,77.8179,6.3717,6.3717,False,0,3.5949,0.0,3.157,0.625095466604667,1.7020488428809706,plus,False,1.2753198567675919,1.2569161137013436,0.018403743066248257,True,True,1.0,True,100.0,24.5,0.0,True,[],,,
16,5-5,258,5-5/r258,perturb_wrong_r_high,2906.6939197117013,"{""0"": {""K"": 0.0, ""B1"": 3606.9384596401496, ""A1"": 1047.2134334562522, ""A2"": 1395.7732248371983, ""A3"": 4062.023521092618, ""A4"": 24.48366622992247, ""B2"": 3818.712145479863}}",3.7349,0.18653178855994995,0.23243416520487548,0.6420658347951246,"[0.625095466604667, 0.0, 0.7756856902451935, 0.22520718999059186, 0.30016628491122543, 0.8735534453962619, 0.005265304565574724, 0.8212284183827663, 0.7970694287520462, 0.4679349528437208, 0.3030324268193135, 0.2784256121007733, 0.2548695876541246, 0.95]",75.0,75.0,61.0,4.3334,4.3334,25.8819,25.8819,6.3717,6.3717,False,0,3.7448,0.949855,3.157,0.625095466604667,1.7020488428809706,plus,False,1.2753198567675919,1.2569161137013436,0.018403743066248257,True,True,1.0,True,100.0,24.5,0.0,True,[],,,
17,5-5,258,5-5/r258,perturb_wrong_k,3648.003399287696,"{""0"": {""K"": 0.0, ""B1"": 3606.9384596401496, ""A1"": 1047.2134334562522, ""A2"": 1395.7732248371983, ""A3"": 4062.023521092618, ""A4"": 24.48366622992247, ""B2"": 3818.712145479863}}",3.7349,0.07228598077780932,0.23243416520487548,0.6420658347951246,"[0.7845168600618702, 0.0, 0.7756856902451935, 0.22520718999059186, 0.30016628491122543, 0.8735534453962619, 0.005265304565574724, 0.8212284183827663, 0.7970694287520462, 0.4679349528437208, 0.3030324268193135, 0.2784256121007733, 0.2548695876541246, 0.0]",75.0,75.0,61.0,4.3334,4.3334,25.8819,25.8819,6.3717,6.3717,False,0,3.5949,0.0,3.157,0.7845168600618702,1.7020488428809706,plus,False,1.2753198567675919,1.2569161137013432,0.0184037430662487,True,True,1.0,True,100.0,24.5,0.0,True,[],,,
18,5-5,258,5-5/r258,perturb_offset_shift,2906.6939197117013,"{""0"": {""K"": 0.0, ""B1"": 3525.079305921414, ""A1"": 1469.271084567053, ""A2"": 1297.170328133286, ""A3"": 4533.823208096627, ""A4"": 0.0, ""B2"": 3740.588643361561}}",3.7349,0.07533354682330436,0.23243416520487548,0.6420658347951246,"[0.625095466604667, 0.0, 0.7580815711658955, 0.3159722762509792, 0.2789613608888787, 0.9750157436766941, 0.0, 0.8044276652390454, 0.7970694287520462, 0.4679349528437208, 0.3030324268193135, 0.2784256121007733, 0.2548695876541246, 0.0]",75.0,75.0,61.0,4.3334,4.3334,25.8819,25.8819,6.3717,6.3717,False,0,3.5949,0.0,3.157,0.625095466604667,1.7389047715745665,plus,False,0.8411259349043709,0.5094260786258209,0.33169985627855003,True,True,1.0,True,100.0,0.0,0.0,True,[],,,
19,5-5,258,5-5/r258,perturb_misaligned,3037.9884925106553,"{""0"": {""K"": 0.0, ""B1"": 3728.0723942290165, ""A1"": 1119.5426114810857, ""A2"": 1658.90410015876, ""A3"": 3968.659775332537, ""A4"": 0.0, ""B2"": 3652.9369032150053}}",3.7349,0.14305263801945384,0.23243416520487548,0.6420658347951246,"[0.653330858604442, 0.0, 0.8017359987589283, 0.2407618519314163, 0.35675356992661506, 0.8534752205016208, 0.0, 0.7855778286483882, 0.7970694287520462, 0.4679349528437208, 0.3030324268193135, 0.2784256121007733, 0.2548695876541246, 0.0]",75.0,75.0,61.0,4.3334,4.3334,25.8819,25.8819,6.3717,6.3717,False,0,3.5949,0.0,3.157,0.653330858604442,1.7443383851396985,plus,False,-1.632097878786027,-1.5283059942283626,0.10379188455766442,True,True,1.0,True,100.0,0.0,0.0,True,[],,,
20,5-5,258,5-5/r258,perturb_weak_hough,2906.6939197117013,"{""0"": {""K"": 0.0, ""B1"": 3606.9384596401496, ""A1"": 1047.2134334562522, ""A2"": 1395.7732248371983, ""A3"": 4062.023521092618, ""A4"": 24.48366622992247, ""B2"": 3818.712145479863}}",3.7349,0.23243416520487548,0.23243416520487548,0.6420658347951246,"[0.625095466604667, 0.0, 0.7756856902451935, 0.22520718999059186, 0.30016628491122543, 0.8735534453962619, 0.005265304565574724, 0.8212284183827663, 0.9279272229816788, 0.9926407293372774, 0.3030324268193135, 0.2784256121007733, 0.2548695876541246, 0.0]",85.0,85.0,119.0,4.3334,4.3334,25.8819,25.8819,6.3717,6.3717,False,0,3.5949,0.0,3.157,0.625095466604667,1.7020488428809706,plus,False,1.2753198567675919,1.2569161137013436,0.018403743066248257,True,True,1.0,True,100.0,24.5,0.0,True,[],,,
21,5-5,258,5-5/r258,perturb_small_segment,2906.6939197117013,"{""0"": {""K"": 0.0, ""B1"": 325.50000000000006, ""A1"": 1023.0, ""A2"": 1720.5, ""A3"": 2418.0, ""A4"": 3115.5, ""B2"": 3813.0000000000005}}",3.7349,0.21195561535113747,0.23243416520487548,0.6420658347951246,"[0.625095466604667, 0.0, 0.07, 0.22, 0.37, 0.52, 0.67, 0.8200000000000001, 0.7970694287520462, 0.4679349528437208, 0.3030324268193135, 0.2784256121007733, 0.2548695876541246, 0.0]",75.0,75.0,61.0,4.3334,4.3334,25.8819,25.8819,6.3717,6.3717,False,0,3.5949,0.0,3.157,0.625095466604667,1.917651908306252,plus,False,3.825499999999999,3.4366111111111106,0.3888888888888884,True,True,1.0,True,100.0,325.5,1.0,True,[],,,
22,5-5,258,5-5/r258,perturb_guardrail_smoke,93.0,"{""0"": {""K"": 0.0, ""B1"": 1924.506931990598, ""A1"": 2904.5728339878524, ""A2"": 2799.535499935954, ""A3"": 1784.3060093821477, ""A4"": 2469.7717403170273, ""B2"": 2295.9791103710268}}",3.7349,0.13223416107739094,0.23243416520487548,0.6420658347951246,"[0.02, 0.0, 0.41387245849260174, 0.6246393191371725, 0.6020506451475169, 0.3837217224477737, 0.5311337075950596, 0.49375894846688745, 0.7970694287520462, 0.4679349528437208, 0.3030324268193135, 0.2784256121007733, 0.2548695876541246, 0.0]",75.0,75.0,61.0,4.3334,4.3334,25.8819,25.8819,6.3717,6.3717,False,0,3.5949,0.0,3.157,0.02,1.7792109953987494,plus,False,-1.4172915063905014,-1.3023059157099925,0.11498559068050884,True,True,1.0,True,100.0,105.09999999999991,0.0,True,[],,,
23,5-5,258,5-5/r258,perturb_wrong_r_low,2906.6939197117013,"{""0"": {""K"": 0.0, ""B1"": 3606.9384596401496, ""A1"": 1047.2134334562522, ""A2"": 1395.7732248371983, ""A3"": 4062.023521092618, ""A4"": 24.48366622992247, ""B2"": 3818.712145479863}}",3.7349,0.23243416520487548,0.23243416520487548,0.6420658347951246,"[0.625095466604667, 0.0, 0.7756856902451935, 0.22520718999059186, 0.30016628491122543, 0.8735534453962619, 0.005265304565574724, 0.8212284183827663, 0.7970694287520462, 0.4679349528437208, 0.3030324268193135, 0.2784256121007733, 0.2548695876541246, 0.05]",75.0,75.0,61.0,4.3334,4.3334,25.8819,25.8819,6.3717,6.3717,False,0,3.6028,0.049879,3.157,0.625095466604667,1.7020488428809706,plus,False,1.2753198567675919,1.2569161137013436,0.018403743066248257,True,True,1.0,True,100.0,24.5,0.0,True,[],,,
24,5-5,258,5-5/r258,bo,120.47988856447415,"{""0"": {""K"": 0.0, ""B1"": 2999.637341435873, ""A1"": 3059.980827406985, ""A2"": 1103.6951306685105, ""A3"": 2916.808731058564, ""A4"": 4371.828914545184, ""B2"": 2707.3451583628603}}",3.7349,0.15677761836721832,0.23243416520487548,0.6420658347951246,"[0.025909653454725623, 0.8998205556239476, 0.6450832992335211, 0.6580603929907495, 0.23735379154161518, 0.627270694851304, 0.9401782611925127, 0.5822247652393248, 0.913250077221897, 0.6884971611189509, 0.23869339101731735, 0.3512882235388506, 0.2590360600867362, 0.298679929168746]",83.0,83.0,86.0,3.6256,3.6256,31.3466,31.3466,6.4759,6.4759,False,0,3.6421,0.298957,3.157,0.025909653454725623,1.7770593835485933,plus,False,-0.5390769161494852,-0.639861575894013,0.10078465974452788,True,True,1.0,True,100.0,60.40000000000009,0.0,True,[],0.16843017250866985,0.0471959257270814,0.0011823686746089699
25,5-5,258,5-5/r258,bo,2827.86002111679,"{""0"": {""K"": 0.0, ""B1"": 26.486752532412904, ""A1"": 984.0850600613068, ""A2"": 1908.233804522482, ""A3"": 2989.9593552543115, ""A4"": 1771.0508618032134, ""B2"": 1488.9795359027642}}",3.7349,0.09041777580176477,0.23243416520487548,0.6420658347951246,"[0.6081419400251161, 0.5480740797542268, 0.00569607581342213, 0.21163119571210898, 0.4103728611876305, 0.6430020118826476, 0.38087115307595987, 0.3202106528823149, 0.3059337199416693, 0.9285590078918973, 0.016043061714199114, 0.030073502425646437, 0.25631142387846806, 0.44120224288069243]",38.0,38.0,112.0,1.1765,1.1765,7.2555,7.2555,6.4078,6.4078,False,0,3.6645,0.440925,3.157,0.6081419400251161,1.6188399010934396,minus,True,1.5075167889030956,2.010036393353782,0.5025196044506863,True,True,1.0,True,100.00000000000003,26.40000000000009,0.0,True,[],0.15382510304510022,0.05238276801914095,0.0009778230788187675
26,5-5,258,5-5/r258,bo,2900.090779782095,"{""0"": {""K"": 0.0, ""B1"": 2094.9593891578656, ""A1"": 1031.4336369759899, ""A2"": 3472.070064341194, ""A3"": 1447.775465942126, ""A4"": 3667.017307010954, ""B2"": 1595.6439825108107}}",3.7349,0.16298372541174944,0.23243416520487548,0.6420658347951246,"[0.6236754365122785, 0.05091871451562335, 0.45052890089416464, 0.22181368537118062, 0.7466817342669235, 0.3113495625681991, 0.788605872475474, 0.34314924355071197, 0.037553741301013854, 0.4907866397405367, 0.1783211973413127, 0.8160994861881017, 0.398817626653971, 0.8743464630018941]",18.0,18.0,64.0,2.9615,2.9615,66.2075,66.2075,9.9704,9.9704,False,0,3.7329,0.874434,3.157,0.6236754365122785,1.9304542175203316,minus,True,-0.42750111036225746,0.3975947422610312,0.8250958526232887,True,True,1.0,True,100.00000000000003,147.80000000000018,0.0,True,[],0.15682656802381204,0.050030856818336154,0.0008905015871167416
27,5-5,258,5-5/r258,bo,159.8965225585099,"{""0"": {""K"": 0.0, ""B1"": 752.2889000462256, ""A1"": 3126.8554463247347, ""A2"": 613.6820167103864, ""A3"": 596.0972310619827, ""A4"": 4503.293746530677, ""B2"": 3207.4578087152186}}",3.7349,0.134977488233619,0.23243416520487548,0.6420658347951246,"[0.03438634893731396, 0.09877308664813778, 0.16178255914972595, 0.6724420314676849, 0.13197462724954545, 0.1281929529165554, 0.9684502680711133, 0.6897758728419825, 0.9259976720426574, 0.737406957700425, 0.41134212185537933, 0.6466014777243744, 0.720080561189378, 0.7171469389328956]",84.0,84.0,91.0,5.5248,5.5248,53.4951,53.4951,18.002,18.002,False,0,3.7081,0.717255,3.157,0.03438634893731396,1.8222793734333675,minus,True,0.6758006833906562,1.2172290532035765,0.5414283698129203,True,True,1.0,True,100.0,17.600000000000023,0.0,True,[],0.162290174589135,0.047863758733969634,0.0009313826898585866
28,5-5,258,5-5/r258,bo,2923.326888015044,"{""0"": {""K"": 0.0, ""B1"": 1150.979342472299, ""A1"": 1009.7833980237647, ""A2"": 4509.536123725163, ""A3"": 1293.660087828504, ""A4"": 3191.171042041477, ""B2"": 2699.265737980176}}",3.7349,0.26075215661072715,0.26075215661072715,0.6137478433892729,"[0.6286724490354934, 0.25716732837344713, 0.24752243924135464, 0.2171577200051107, 0.9697927147796049, 0.27820647050075353, 0.6862733423745112, 0.5804872554796077, 0.45486302961586367, 0.9574048682485948, 0.5172782117871467, 0.23366413423565147, 0.4824139717902306, 0.6397089660172351]",49.0,49.0,115.0,6.6901,6.6901,22.5248,22.5248,12.0603,12.0603,False,0,3.6959,0.639934,3.157,0.6286724490354934,1.8318771857191152,plus,False,-0.20634362212321666,-0.47668048325953505,0.2703368611363184,True,True,1.0,True,100.0,140.4000000000001,0.0,True,[],0.17947767191031566,0.04509595623976801,0.0016679997666179617
29,5-5,258,5-5/r258,bo,2964.3219987489138,"{""0"": {""K"": 0.0, ""B1"": 1013.9522629235573, ""A1"": 983.4488986747347, ""A2"": 4554.553452460879, ""A3"": 77.57530880021793, ""A4"": 4261.333428755374, ""B2"": 3909.6132447987366}}",3.7349,0.18817007317423273,0.26075215661072715,0.6137478433892729,"[0.6374886018814868, 0.9247383744299796, 0.2180542500910876, 0.2114943868117709, 0.9794738607442751, 0.016682862107573748, 0.9164157911301881, 0.8407770418922014, 0.9101736806777206, 0.12165139091670207, 0.8442451617386169, 0.2278632376193992, 0.32760846792170517, 0.03444380076070663]",83.0,83.0,23.0,10.2867,10.2867,22.0897,22.0897,8.1902,8.1902,False,0,3.6004,0.034668,3.157,0.6374886018814868,1.6673371603049008,minus,True,1.0674917654590466,2.1585375019310487,1.091045736472002,True,True,1.0,True,100.0,30.5,0.0,True,[],0.15342165537410313,0.0520214512896208,0.0002168634497443046
30,5-5,258,5-5/r258,bo,2976.025241869605,"{""0"": {""K"": 0.0, ""B1"": 3551.790880102519, ""A1"": 848.7842159814643, ""A2"": 125.72433817331569, ""A3"": 1748.1924675060002, ""A4"": 4336.5223536643925, ""B2"": 38.492967933077445}}",3.7349,0.07292046328919127,0.26075215661072715,0.6137478433892729,"[0.6400054283590548, 0.12093555746545448, 0.7638259957209719, 0.18253423999601381, 0.027037492080282943, 0.37595536935612905, 0.9325854524009447, 0.008278057620016654, 0.3110541898425889, 0.9152444115437146, 0.024800200166135822, 0.44944805138852606, 0.25404588541297457, 0.6573395191400803]",38.0,38.0,111.0,1.2728,1.2728,38.7086,38.7086,6.3511,6.3511,False,0,3.6986,0.657046,3.157,0.6400054283590548,1.7888270611694248,minus,True,1.3300756374080187,1.8358336743688284,0.5057580369608097,True,True,1.0,True,100.0,38.5,0.0,True,[],0.1885482595381076,0.04930074060551168,0.0009757447231945058
31,5-5,258,5-5/r258,bo,149.58623247161205,"{""0"": {""K"": 0.0, ""B1"": 1751.7563596435298, ""A1"": 788.6108584929767, ""A2"": 464.1164384365264, ""A3"": 1342.1270167684036, ""A4"": 1452.0650497746678, ""B2"": 3646.573106620781}}",3.7349,0.1029872841967563,0.26075215661072715,0.6137478433892729,"[0.03216908225195958, 0.9663389260590217, 0.3767217977728021, 0.1695937330092423, 0.09980998676054331, 0.2886294659716997, 0.31227205371498234, 0.7842092702410282, 0.16201264759890144, 0.35678776449811356, 0.41029843270224675, 0.8881656837733378, 0.02403841723674327, 0.44302296116957274]",27.0,27.0,49.0,5.5133,5.5133,71.6124,71.6124,0.601,0.601,False,0,3.6648,0.442826,3.157,0.03216908225195958,1.667832272347053,minus,True,1.2403524803717068,1.884105083022778,0.6437526026510711,True,True,1.0,True,100.0,110.0,0.0,True,[],0.14744504511285092,0.05241857855024623,0.00016445935480396186
32,5-5,258,5-5/r258,bo,2.877198517706953,"{""0"": {""K"": 0.0, ""B1"": 2827.3231248148004, ""A1"": 2202.8629825179983, ""A2"": 1531.235397848076, ""A3"": 3371.089948560439, ""A4"": 319.55376690023144, ""B2"": 3825.8312899147404}}",3.7349,0.07717256973711692,0.26075215661072715,0.6137478433892729,"[0.0006187523693993446, 0.37346839108929886, 0.6080264784547957, 0.4737339747350534, 0.3292979350210916, 0.7249655803355783, 0.06872124019359815, 0.8227594171859657, 0.1010785232392527, 0.11881812815336956, 0.9212731704926035, 0.7475035911193946, 0.039034699797330874, 0.312654985708016]",23.0,23.0,23.0,11.134,11.134,61.0628,61.0628,0.9759,0.9759,False,0,3.6443,0.3129,3.157,0.0006187523693993446,1.8398671534318358,plus,False,2.4613558919791996,2.0348219235888068,0.4265339683903928,True,True,1.0,True,100.0,319.5,0.0,True,[],0.14606074644770226,0.05286938594956642,0.00016287787704913977
33,5-5,258,5-5/r258,bo,2906.4453004235693,"{""0"": {""K"": 0.0, ""B1"": 1551.9233241886036, ""A1"": 911.006353213287, ""A2"": 2424.8008992061887, ""A3"": 3666.809860131548, ""A4"": 3672.7556718368264, ""B2"": 2727.681720611239}}",3.7349,0.3070836820359697,0.3070836820359697,0.5674163179640304,"[0.6250420000910901, 0.13905333583131585, 0.3337469514384094, 0.19591534477705097, 0.5214625589690728, 0.7885612602433436, 0.7898399294272745, 0.586598219486288, 0.5847185453782366, 0.9569669654188939, 0.7110034811776093, 0.8338492661376602, 0.22322496317560703, 0.6397961603376207]",59.0,59.0,115.0,8.821,8.821,67.5387,67.5387,5.5806,5.5806,False,0,3.6959,0.639934,3.157,0.6250420000910901,1.687538011200839,plus,False,-0.19510036822184937,-0.27323700574589677,0.0781366375240474,True,True,1.0,True,100.0,5.900000000000091,0.0,True,[],0.21539511997763972,0.03655538511478813,0.0010367997679104424
34,5-5,258,5-5/r258,bo,2850.89815436774,"{""0"": {""K"": 0.0, ""B1"": 4129.587272238297, ""A1"": 956.4033833190135, ""A2"": 2775.2570126423198, ""A3"": 4321.481481533415, ""A4"": 4613.940800077447, ""B2"": 3274.685763851687}}",3.7349,0.17449899625623105,0.3070836820359697,0.5674163179640304,"[0.613096377283385, 0.010497953703435092, 0.888083284352322, 0.2056781469503255, 0.5968294650843698, 0.929350856243745, 0.9922453333499887, 0.7042334976025134, 0.6567748808825857, 0.9469965548309374, 0.43699895145383527, 0.9315019207263239, 0.5655364073121921, 0.5018842254249352]",64.0,64.0,114.0,5.807,5.807,74.8626,74.8626,14.1384,14.1384,False,0,3.6741,0.501768,3.157,0.613096377283385,1.7583134853594569,plus,False,0.1113049186253573,-0.36738246092052473,0.47868737954588203,True,True,1.0,True,100.0,36.09999999999991,0.0,True,[],0.20700832363879695,0.051242692507691055,0.00028992842495677274
35,5-5,258,5-5/r258,bo,2885.9551664966452,"{""0"": {""K"": 0.0, ""B1"": 1876.303251121543, ""A1"": 635.7399778722856, ""A2"": 2814.6044656701065, ""A3"": 3063.4996871678572, ""A4"": 3892.710167426017, ""B2"": 2714.592249818617}}",3.7349,0.07800920809100002,0.3070836820359697,0.5674163179640304,"[0.6206355196766979, 0.026182091299463472, 0.4035060755100093, 0.1367182748112442, 0.6052912829398078, 0.6588171370253456, 0.837141971489466, 0.5837832795308854, 0.7611387980505643, 0.9912546423861528, 0.552413969292106, 0.21306294834983053, 0.5465069658037015, 0.13267904270628383]",72.0,72.0,119.0,7.0766,7.0766,20.9797,20.9797,13.6627,13.6627,False,0,3.6159,0.132905,3.157,0.6206355196766979,1.7639746857081002,minus,True,0.041392748671285895,0.8865116863531868,0.8451189376819008,True,True,1.0,True,100.0,100.09999999999991,0.0,True,[],0.1764963406304144,0.05846831082463886,0.00015691381497539344
36,5-5,258,5-5/r258,bo,2900.467149734471,"{""0"": {""K"": 0.0, ""B1"": 1335.2278714327376, ""A1"": 1024.9295173792545, ""A2"": 2934.58847511695, ""A3"": 2293.657775906522, ""A4"": 85.70337713123654, ""B2"": 2414.579186109075}}",3.7349,0.11370067992065261,0.3070836820359697,0.5674163179640304,"[0.623756376286983, 0.5133800047676379, 0.2871457788027393, 0.22041494997403321, 0.6310942957240753, 0.49325973675409074, 0.01843083379166377, 0.5192643410987259, 0.9955000856625602, 0.311636552494698, 0.11567131894233118, 0.5518215671012174, 0.655265943108633, 0.03180221087471269]",90.0,90.0,44.0,2.2724,2.2724,46.3866,46.3866,16.3816,16.3816,False,0,3.5999,0.031499,3.157,0.623756376286983,1.8744802031434693,minus,True,1.6426677294604197,1.9738794270548874,0.33121169759446767,True,True,1.0,True,100.0,85.69999999999982,0.0,True,[],0.22261436965810394,0.04056893720906627,0.0001365587261870307
37,5-5,258,5-5/r258,bo,2992.765809602208,"{""0"": {""K"": 0.0, ""B1"": 1229.4597067458574, ""A1"": 806.3833214363839, ""A2"": 587.653654141524, ""A3"": 3622.6436513995977, ""A4"": 795.2223254369155, ""B2"": 3709.2179243974037}}",3.7349,0.09068527491814955,0.3070836820359697,0.5674163179640304,"[0.6436055504520877, 0.35239859869462553, 0.26439993693459296, 0.17341576805083525, 0.1263771299229084, 0.7790631508386232, 0.1710155538574012, 0.7976812740639578, 0.6471180269755228, 0.09591106502742774, 0.8019617623581724, 0.7665702193568541, 0.7662390580033206, 0.25018497109819915]",64.0,64.0,21.0,9.8216,9.8216,62.4928,62.4928,19.156,19.156,False,0,3.6344,0.250155,3.157,0.6436055504520877,1.8228180438560881,minus,True,0.5177314164746203,1.2926255731136838,0.7748941566390635,True,True,1.0,True,100.0,11.099999999999909,0.0,True,[],0.15507480038722132,0.057123977402897194,3.84930727725398e-05
38,5-5,258,5-5/r258,bo,2869.429157050745,"{""0"": {""K"": 0.0, ""B1"": 2030.4265910963322, ""A1"": 1006.2259763324233, ""A2"": 63.137747417533205, ""A3"": 3818.427566570038, ""A4"": 3935.404438199309, ""B2"": 1508.0674836647906}}",3.7349,0.13805135842863217,0.3070836820359697,0.5674163179640304,"[0.6170815391506979, 0.7360177107897626, 0.43665087980566286, 0.21639268308224158, 0.013578010197318968, 0.8211672186172124, 0.8463235350966256, 0.3243155878849012, 0.48318257928722763, 0.959668684979552, 0.8126829705989206, 0.8702789531122584, 0.30958471128943743, 0.2743085964521216]",51.0,51.0,116.0,9.9395,9.9395,70.2709,70.2709,7.7396,7.7396,False,0,3.6382,0.274239,3.157,0.6170815391506979,1.7911585551757225,minus,True,1.6652457420485802,2.619893243250304,0.9546475012017239,True,True,1.0,True,100.0,63.19999999999982,0.0,True,[],0.23312819418891556,0.04416616229485881,0.0004870871105941885
39,5-5,258,5-5/r258,bo,2902.3722467830435,"{""0"": {""K"": 0.0, ""B1"": 2278.259059891926, ""A1"": 1401.3071288324957, ""A2"": 4243.056216049252, ""A3"": 3238.575510827486, ""A4"": 506.74726358295055, ""B2"": 2344.947994127067}}",3.7349,0.15938163851380982,0.3070836820359697,0.5674163179640304,"[0.6241660745769986, 0.765360883410663, 0.48994818492299486, 0.30135637179193453, 0.9124852077525273, 0.6964678517908572, 0.10897790614687108, 0.5042898912101219, 0.33047767227680513, 0.9447392639643113, 0.022361273083217004, 0.02142787157755055, 0.18062614056943593, 0.10517269631677706]",40.0,40.0,114.0,1.246,1.246,6.6071,6.6071,4.5157,4.5157,False,0,3.6115,0.105018,3.157,0.6241660745769986,1.9090196658924745,plus,False,1.396577115812033,0.34010273614835984,1.056474379663673,True,True,1.0,True,100.0,66.69999999999993,0.0,True,[],0.14637820039892968,0.055666630808673824,1.678286291006113e-05
40,5-5,258,5-5/r258,bo,3035.543602827648,"{""0"": {""K"": 0.0, ""B1"": 316.2344403566366, ""A1"": 1149.8503624754746, ""A2"": 1815.344409292027, ""A3"": 2224.90067730557, ""A4"": 1514.5273798284686, ""B2"": 4055.172176339307}}",3.7349,0.10134604472573153,0.3070836820359697,0.5674163179640304,"[0.6528050758769136, 0.7117248627507466, 0.06800740652830894, 0.2472796478441881, 0.39039664715957567, 0.47847326393668166, 0.32570481286633735, 0.8720800379224316, 0.3088221504492741, 0.9882469646950307, 0.760712685004426, 0.9750026568164715, 0.21850704823874556, 0.19116698002970978]",38.0,38.0,119.0,9.3678,9.3678,78.1252,78.1252,5.4627,5.4627,False,0,3.6251,0.191213,3.157,0.6528050758769136,1.551614184090862,plus,False,1.4917531938089417,1.68395377492238,0.1922005811134384,True,True,1.0,True,100.0,300.7999999999993,0.0,True,[],0.15444231872639114,0.05475915750699953,2.3246654414531422e-05
41,5-5,258,5-5/r258,bo,2943.834824300547,"{""0"": {""K"": 0.0, ""B1"": 2342.646689395527, ""A1"": 486.72166181618877, ""A2"": 1554.6495761940896, ""A3"": 1372.2498105845248, ""A4"": 3671.4881947436456, ""B2"": 3249.8258834703647}}",3.7349,0.15280807456272652,0.3070836820359697,0.5674163179640304,"[0.6330827579140962, 0.29532829001343464, 0.50379498696678, 0.10467132512176103, 0.33433324219227734, 0.2951074861472096, 0.7895673537083109, 0.6988872867678204, 0.7155285191700191, 0.9432853310298089, 0.07636779721752363, 0.4668576536955015, 0.15347803687406547, 0.5785150995252901]",69.0,69.0,114.0,1.84,1.84,40.0143,40.0143,3.837,3.837,False,0,3.6862,0.578456,3.157,0.6330827579140962,1.842262186135701,minus,True,1.019932558692997,1.7306829552668181,0.7107503965738211,True,True,1.0,True,100.0,182.39999999999964,0.0,True,[],0.14693273660438072,0.054542344475295955,1.3574949998965835e-05
42,5-5,258,5-5/r258,bo,2901.755487641794,"{""0"": {""K"": 0.0, ""B1"": 470.07483335534715, ""A1"": 1363.4025079970884, ""A2"": 2591.2908788117848, ""A3"": 2666.405356274698, ""A4"": 3027.955740674416, ""B2"": 3964.8826844604396}}",3.7349,0.1620044323629377,0.3070836820359697,0.5674163179640304,"[0.6240334382025363, 0.2882712985275444, 0.10109136201190261, 0.29320484042948136, 0.5572668556584484, 0.5734205067257415, 0.6511732775643906, 0.8526629428947182, 0.8422928347018495, 0.13062557704902222, 0.4195495116611684, 0.7781917814141786, 0.6718918341982039, 0.256453104870881]",78.0,78.0,24.0,5.615,5.615,63.3644,63.3644,16.7973,16.7973,False,0,3.6354,0.256493,3.157,0.6240334382025363,1.7704017916835717,plus,False,1.1817716112572643,1.4160684165738058,0.2342968053165415,True,True,1.0,True,100.0,75.20000000000005,1.0,True,[],0.14600808611706104,0.05385968548180911,1.0890634990109565e-05
43,5-5,258,5-5/r258,bo,6.799083563476516,"{""0"": {""K"": 0.0, ""B1"": 631.8590389717767, ""A1"": 1093.078375772827, ""A2"": 1108.4682090123495, ""A3"": 794.6791730442137, ""A4"": 2668.9084099185206, ""B2"": 3218.6895472243077}}",3.7349,0.090191796468978,0.3070836820359697,0.5674163179640304,"[0.0014621685082745195, 0.4010328269578317, 0.13588366429500576, 0.23507061844576926, 0.23838026000265577, 0.17089874689122875, 0.5739587978319399, 0.6921913004783458, 0.017713332490563616, 0.3594640063896981, 0.9938350234341805, 0.9725818018871293, 0.5771269740799905, 0.778470158003756]",16.0,16.0,50.0,11.9322,11.9322,77.9436,77.9436,14.4282,14.4282,False,0,3.7178,0.778733,3.157,0.0014621685082745195,1.4760659127323883,plus,False,0.8851708189759442,-0.03608676079352624,0.9212575797694704,True,True,1.0,True,100.0,15.399999999999864,0.0,True,[],0.156347864536804,0.051202877007314886,1.1865460801826691e-05
44,5-5,258,5-5/r258,bo,2846.75493576554,"{""0"": {""K"": 0.0, ""B1"": 674.8968003964013, ""A1"": 768.5823153730884, ""A2"": 858.3440500269337, ""A3"": 2685.9177856932015, ""A4"": 2115.9724669150055, ""B2"": 2307.4820385753656}}",3.7349,0.10343194060581387,0.3070836820359697,0.5674163179640304,"[0.6122053625302236, 0.6878274974262435, 0.14513909685944115, 0.16528651943507278, 0.1845901182853621, 0.5776167281060648, 0.455047842347313, 0.49623269646782053, 0.3716159576395326, 0.9726781070991605, 0.6053372680424906, 0.7696163170364764, 0.841731267920733, 0.4285847757066603]",43.0,43.0,117.0,7.6587,7.6587,62.7212,62.7212,21.0433,21.0433,False,0,3.6626,0.428883,3.157,0.6122053625302236,1.3899152577294713,plus,False,0.3940139374221584,0.21642355039431233,0.17759038702784607,True,True,1.0,True,100.0,89.79999999999973,0.0,True,[],0.14703870720836115,0.053161132849917164,9.89658833153307e-06
45,5-5,258,5-5/r258,bo,2767.3404130333975,"{""0"": {""K"": 0.0, ""B1"": 1545.4922286384708, ""A1"": 1340.346125187071, ""A2"": 3735.613942104309, ""A3"": 2259.1335886409634, ""A4"": 2841.7439354553085, ""B2"": 3834.9608132192225}}",3.7349,0.1695635908573561,0.3070836820359697,0.5674163179640304,"[0.5951269705448167, 0.7652519816273233, 0.33236392013730554, 0.28824647853485397, 0.8033578370116794, 0.4858351803528953, 0.611127728054905, 0.8247227555310156, 0.9734090956050033, 0.10907030168503284, 0.39881238433256916, 0.6362482888896589, 0.7055770123668531, 0.9334062870069454]",88.0,88.0,22.0,5.3869,5.3869,52.7186,52.7186,17.6394,17.6394,False,0,3.7422,0.933376,3.157,0.5951269705448167,1.734233395754818,plus,False,-1.1245749384888644,-1.2302658305051937,0.10569089201632931,True,True,1.0,True,100.0,99.29999999999995,0.0,True,[],0.14416472806707628,0.05268287423917353,7.1712460066657114e-06
46,5-5,258,5-5/r258,bo,2986.012745366374,"{""0"": {""K"": 0.0, ""B1"": 2369.985794723515, ""A1"": 809.676055129943, ""A2"": 1828.1986756180415, ""A3"": 255.85157237309724, ""A4"": 971.9357237981445, ""B2"": 3884.5155491394066}}",3.7349,0.2095480799995534,0.3070836820359697,0.5674163179640304,"[0.6421532785734138, 0.9759706402803051, 0.5096743644566699, 0.17412388282364366, 0.39316100550925626, 0.05502184352109618, 0.20901843522540742, 0.8353796879869692, 0.2828972466154972, 0.9668517103334537, 0.1446783462240372, 0.3033308573290172, 0.46969662241681465, 0.2373026693655369]",36.0,36.0,116.0,2.5915,2.5915,27.7498,27.7498,11.7424,11.7424,False,0,3.6324,0.23748,3.157,0.6421532785734138,1.7982860044654503,minus,True,1.828021396871641,2.5616533787958593,0.7336319819242183,True,True,1.0,True,100.0,162.20000000000027,0.0,True,[],0.14516422056480224,0.05235582216494002,7.088732133042299e-06
47,5-5,258,5-5/r258,bo,2818.094426315667,"{""0"": {""K"": 0.0, ""B1"": 354.346892070632, ""A1"": 1334.76560537858, ""A2"": 3658.9880406358106, ""A3"": 4070.3257717356237, ""A4"": 1411.4896111664084, ""B2"": 3760.9014524416734}}",3.7349,0.07083271172984731,0.3070836820359697,0.5674163179640304,"[0.6060418121108961, 0.1217725462383763, 0.07620363270336172, 0.2870463667480817, 0.7868791485238302, 0.8753388756420696, 0.30354615293901255, 0.8087960112777792, 0.5287806687556412, 0.9899048276977143, 0.3420189952758673, 0.1713410843289842, 0.5156973931311667, 0.6277527610981689]",55.0,55.0,119.0,4.7622,4.7622,17.8506,17.8506,12.8924,12.8924,False,0,3.694,0.627892,3.157,0.6060418121108961,1.7481413699050536,minus,True,0.8491666277154801,1.2367768503001226,0.3876102225846425,True,True,1.0,True,100.0,76.70000000000073,0.0,True,[],0.1591676856554788,0.05225272966793028,1.8461291544732717e-05
48,5-5,258,5-5/r258,bo,3018.363282390579,"{""0"": {""K"": 0.0, ""B1"": 3243.5236569461613, ""A1"": 779.7036723741099, ""A2"": 3679.9450599634356, ""A3"": 996.4022957954171, ""A4"": 607.4712832369914, ""B2"": 3779.9534863315357}}",3.7349,0.11474422478896618,0.3070836820359697,0.5674163179640304,"[0.649110383309802, 0.71759688704007, 0.6975319692357336, 0.1676782091127118, 0.7913860344007388, 0.21428006361191765, 0.13063898564236376, 0.812893222866997, 0.9436320877940393, 0.47939614190038005, 0.11684983577491936, 0.4895304272546289, 0.1048031442801105, 0.09160266862661404]",86.0,86.0,63.0,2.2853,2.2853,41.7148,41.7148,2.6201,2.6201,False,0,3.6094,0.091709,3.157,0.649110383309802,1.8660397642340838,plus,False,0.8105508107264535,0.5551285617216556,0.25542224900479793,True,True,1.0,True,100.0,100.0,0.0,True,[],0.14428700897961932,0.05326512603110608,8.371394804904757e-06
49,5-5,258,5-5/r258,bo,2862.0135271028907,"{""0"": {""K"": 0.0, ""B1"": 2142.9940633848587, ""A1"": 714.0989547279069, ""A2"": 2391.632765849488, ""A3"": 2944.952543346923, ""A4"": 1739.9196655550238, ""B2"": 2741.8391686500468}}",3.7349,0.22980286591640448,0.3070836820359697,0.5674163179640304,"[0.6154867800221271, 0.43454955437157305, 0.46085893836233516, 0.15356966768342084, 0.514329627064406, 0.6333231276014888, 0.3741762721623707, 0.589642831967752, 0.8758771857784927, 0.949524107209528, 0.5440576479503091, 0.2219644753826865, 0.3556754637382158, 0.7063559986782219]",81.0,81.0,114.0,6.9846,6.9846,21.6473,21.6473,8.8919,8.8919,False,0,3.7064,0.706481,3.157,0.6154867800221271,1.815582909756241,plus,False,0.2206322237848519,0.2575874492587046,0.03695522547385269,True,True,1.0,True,100.0,203.10000000000002,0.0,True,[],0.17479921482231606,0.05149843619457143,4.4368667207173495e-05
50,5-5,258,5-5/r258,bo,3006.9430599150883,"{""0"": {""K"": 0.0, ""B1"": 3685.1979881675475, ""A1"": 864.7560051920708, ""A2"": 829.7206478892051, ""A3"": 4288.686170315055, ""A4"": 3711.9951363561768, ""B2"": 78.46792553916889}}",3.7349,0.18368180298470982,0.3070836820359697,0.5674163179640304,"[0.6466544214871157, 0.09607340573413192, 0.7925156963801178, 0.18596903337463888, 0.17843454793316238, 0.9222981011430227, 0.7982785239475649, 0.01687482269659546, 0.5833834456039003, 0.964566786058924, 0.38865225553290894, 0.21302266765774436, 0.21754698427463748, 0.004787688145389213]",59.0,59.0,116.0,5.2752,5.2752,20.9767,20.9767,5.4387,5.4387,False,0,3.5957,0.00488,3.157,0.6466544214871157,1.8582421895764587,plus,False,1.2600383503041674,0.9379062073957941,0.32213214290837333,True,True,1.0,True,100.0,26.800000000000182,0.0,True,[],0.15154129365270866,0.05694799949915208,3.0121649297308768e-05
51,5-5,258,5-5/r258,bo,2922.979667680721,"{""0"": {""K"": 0.0, ""B1"": 398.40032445891836, ""A1"": 988.5550929236609, ""A2"": 2698.925267561255, ""A3"": 2939.9920788555155, ""A4"": 3264.818849438471, ""B2"": 4537.504661975131}}",3.7349,0.07436485909479078,0.3070836820359697,0.5674163179640304,"[0.6285977779958539, 0.41823105313211006, 0.08567748913095019, 0.21259249310186257, 0.5804140360346786, 0.6322563610441969, 0.7021115805244024, 0.9758074541882003, 0.05519022053048395, 0.4936783474377685, 0.7773806757103497, 0.8624811517865257, 0.03408390486791146, 0.5496183593617486]",19.0,19.0,64.0,9.5512,9.5512,69.6861,69.6861,0.8521,0.8521,False,0,3.6816,0.549302,3.157,0.6285977779958539,1.6243993334301294,minus,True,0.7286142555885504,1.081292714100082,0.3526784585115317,True,True,1.0,True,100.0,112.5,0.0,True,[],0.1530846359811182,0.056129254723597054,2.8197422759918857e-05
52,5-5,258,5-5/r258,bo,2908.024397430405,"{""0"": {""K"": 0.0, ""B1"": 4420.880879119398, ""A1"": 669.0573043580362, ""A2"": 3628.842665056295, ""A3"": 2083.6208268407245, ""A4"": 1554.5343115103462, ""B2"": 2145.131709326901}}",3.7349,0.2054912556011511,0.3070836820359697,0.5674163179640304,"[0.6253815908452484, 0.7529877730547808, 0.950727070778365, 0.1438832912597927, 0.7803962720551172, 0.44809050039585474, 0.3343084540882465, 0.4613186471670755, 0.8618058096869228, 0.9596217812790658, 0.32228305630180054, 0.7064366679179125, 0.19710168201950207, 0.6375933783225798]",80.0,80.0,116.0,4.5451,4.5451,57.9828,57.9828,4.9275,4.9275,False,0,3.6955,0.637398,3.157,0.6253815908452484,1.7926087664087555,plus,False,1.3234624970389581,0.13841302487344895,1.1850494721655092,True,True,1.0,True,100.0,61.599999999999966,0.0,True,[],0.14404511067264786,0.056697139871575736,1.8011121992023323e-05
53,5-5,258,5-5/r258,bo,2988.2466927163196,"{""0"": {""K"": 0.0, ""B1"": 387.2150984704212, ""A1"": 2685.2319536684877, ""A2"": 2335.669592017284, ""A3"": 3963.60619042662, ""A4"": 3992.8715799898264, ""B2"": 3860.687593374528}}",3.7349,0.14793155250295023,0.3070836820359697,0.5674163179640304,"[0.6426336973583483, 0.5446097253707413, 0.08327206418718736, 0.5774692373480619, 0.5022945359176955, 0.8523884280487355, 0.8586820602128659, 0.8302553964246298, 0.6731732519865578, 0.9562080058816693, 0.454666164503441, 0.669382537530989, 0.5062179620234791, 0.5278464218147145]",65.0,65.0,115.0,6.0013,6.0013,55.2037,55.2037,12.6554,12.6554,False,0,3.6782,0.527753,3.157,0.6426336973583483,1.5506037567123738,minus,True,0.3935852455473704,1.5838589082925196,1.1902736627451493,True,True,1.0,True,100.0,29.199999999999818,0.0,True,[],0.17397863813647738,0.047969642457346605,1.9447324648813656e-05
54,5-5,258,5-5/r258,bo,3029.416096645503,"{""0"": {""K"": 0.0, ""B1"": 2450.960701210548, ""A1"": 1885.6779850230082, ""A2"": 2049.1882007734052, ""A3"": 979.4639125718732, ""A4"": 4382.043589477402, ""B2"": 3872.277641304286}}",3.7349,0.10493976393230757,0.3070836820359697,0.5674163179640304,"[0.6514873326119361, 0.4295417187466056, 0.5270883228409781, 0.40552214731677594, 0.4406856345749258, 0.210637400553091, 0.9423749654790111, 0.8327478798503841, 0.7173256780339696, 0.9935861653872808, 0.6149087636345707, 0.3445468997273572, 0.05913120473963762, 0.4788398250550606]",69.0,69.0,119.0,7.764,7.764,30.841,30.841,1.4783,1.4783,False,0,3.6705,0.478952,3.157,0.6514873326119361,1.7366504047301254,minus,True,-0.30496077737455274,0.5821762126099899,0.8871369899845426,True,True,1.0,True,100.0,163.5,0.0,True,[],0.15356130501640017,0.05317979001190118,1.5560157416422013e-05
55,5-5,258,5-5/r258,bo,2943.3748351052013,"{""0"": {""K"": 0.0, ""B1"": 7.952649407311546, ""A1"": 392.80712878798454, ""A2"": 1758.605347553761, ""A3"": 4247.28134547809, ""A4"": 131.17998249327943, ""B2"": 3938.6466942678503}}",3.7349,0.21688814683538643,0.3070836820359697,0.5674163179640304,"[0.632983835506495, 0.8472849413599961, 0.0017102471843680744, 0.08447465135225474, 0.37819469839865827, 0.9133938377372237, 0.0282107489232859, 0.8470207944662044, 0.4013744861683072, 0.1275260641028464, 0.7430386558235973, 0.8637072893729337, 0.8589473090858004, 0.5518416795403542]",45.0,45.0,24.0,9.1734,9.1734,69.778,69.778,21.4737,21.4737,False,0,3.682,0.551837,3.157,0.632983835506495,1.4986157220345855,plus,False,1.0237081319885106,0.9219134292683584,0.10179470272015223,True,True,1.0,True,100.0,7.900000000000091,0.0,True,[],0.14981580032002736,0.05229112741754282,9.730645291954531e-06
56,5-5,258,5-5/r258,bo,2948.902341831669,"{""0"": {""K"": 0.0, ""B1"": 3886.387768830201, ""A1"": 1400.966393073874, ""A2"": 2858.073303408427, ""A3"": 69.83110031738093, ""A4"": 4310.070552441138, ""B2"": 2724.6358327976063}}",3.7349,0.07267675479414377,0.3070836820359697,0.5674163179640304,"[0.6341725466304665, 0.9217573129259623, 0.8357823158774625, 0.3012830952847041, 0.6146394200878338, 0.015017440928469017, 0.9268968929980941, 0.5859431898489476, 0.8718393331846686, 0.9584183777377937, 0.7742816993012107, 0.8795296834890032, 0.6625491959618787, 0.9130761763355254]",80.0,80.0,115.0,9.5171,9.5171,70.9647,70.9647,16.5637,16.5637,False,0,3.739,0.913095,3.157,0.6341725466304665,1.8762914550474632,plus,False,1.416358427090252,1.6493304866066787,0.23297205951642663,True,True,1.0,True,100.0,69.79999999999973,0.0,True,[],0.23975054373980936,0.03948055158424674,0.0003741167946278343
57,5-5,258,5-5/r258,bo,2616.5252298680707,"{""0"": {""K"": 0.0, ""B1"": 909.8942799168669, ""A1"": 963.611440280183, ""A2"": 3066.908128586632, ""A3"": 4523.723214921114, ""A4"": 3116.633296780877, ""B2"": 3872.6478328480653}}",3.7349,0.1689563249787932,0.3070836820359697,0.5674163179640304,"[0.5626935978210905, 0.056312558378662, 0.19567618922943375, 0.20722826672692107, 0.6595501351799208, 0.972843702133573, 0.670243719737823, 0.8328274909350678, 0.20972007213217436, 0.9992512004517734, 0.922004106723384, 0.0848901692704156, 0.8433377320312945, 0.8006023130042743]",31.0,31.0,120.0,11.142,11.142,11.3668,11.3668,21.0834,21.0834,False,0,3.7213,0.800915,3.157,0.5626935978210905,1.6626050575593123,plus,False,-0.3549964722382736,-0.7168106862011289,0.3618142139628553,True,True,1.0,True,100.0,49.799999999999955,0.0,True,[],0.15011834624067516,0.053616690539495124,1.3616883135163048e-05
58,5-5,258,5-5/r258,bo,2834.4151382844466,"{""0"": {""K"": 0.0, ""B1"": 654.4996984744736, ""A1"": 839.5496312084758, ""A2"": 339.85382042340575, ""A3"": 837.0884379568839, ""A4"": 979.1273841242756, ""B2"": 2991.82648372048}}",3.7349,0.1573274667343904,0.3070836820359697,0.5674163179640304,"[0.6095516426418165, 0.6592603275608363, 0.14075262332784377, 0.180548307786769, 0.07308684310180769, 0.1800190189154589, 0.21056502884393025, 0.6434035448861247, 0.3236136017868413, 0.9602282304985589, 0.49007399552491826, 0.797153997172499, 0.46653982603244304, 0.09608546435176135]",39.0,39.0,116.0,6.3908,6.3908,64.7865,64.7865,11.6635,11.6635,False,0,3.6101,0.096145,3.157,0.6095516426418165,1.4839092249890584,plus,False,1.2590929004156837,0.4600750725431846,0.7990178278724991,True,True,1.0,True,100.0,2.5,0.0,True,[],0.18205339780413154,0.049383975142451825,4.6774184947340994e-05
59,5-5,258,5-5/r258,bo,189.20865507508802,"{""0"": {""K"": 0.0, ""B1"": 4400.067114362022, ""A1"": 3034.791714727454, ""A2"": 3431.946275494156, ""A3"": 4256.907761600133, ""A4"": 14.525687144602367, ""B2"": 1354.1274726989195}}",3.7349,0.08848943529450062,0.3070836820359697,0.5674163179640304,"[0.04069003334948129, 0.21647321936655384, 0.9462509923359187, 0.6526433795112804, 0.7380529624718615, 0.9154640347527168, 0.0031238036870112618, 0.29121020918256335, 0.5496386129367993, 0.693536857322332, 0.10680326186648836, 0.9785568934011638, 0.695046072756237, 0.8671727042534844]",56.0,56.0,86.0,2.1748,2.1748,78.3918,78.3918,17.3762,17.3762,False,0,3.7318,0.867463,3.157,0.04069003334948129,1.6421491692317316,plus,False,2.1609360096888435,1.1739419232193253,0.9869940864695181,True,True,1.0,True,100.0,14.5,0.0,True,[],0.15732622901549587,0.051075035655531044,1.2334165269937703e-05
