tunnel,category,ring,n,density,k_gt,k_off,k_off_sectors,acc
1-1,regular,16,36829,1683.4184246050193,7.619758803180131,4.394395852921336,1.52606541996858,0.01805353807843951
1-1,regular,17,67840,3110.6355670345797,13.07486601214215,3.159514898194635,1.0972216867547395,0.05685813458739223
1-1,regular,18,138570,6423.811756301462,7.636854539807826,0.11191790091095122,0.03886632979187141,0.8037920725677197
1-1,regular,19,303016,14100.418807389065,9.728730486916525,0.015605685882704279,0.005419470247464108,0.8365951993164766
1-1,regular,20,527747,26196.459213393216,7.763688372738159,0.08414495939848265,0.02922147141507946,0.7908552758871519
1-1,regular,21,412424,20557.006776711558,9.706555293763392,0.019260670624477783,0.006688756404564708,0.8670549788416847
1-1,regular,22,244211,11301.070008282995,7.65271794197345,0.02852365951895841,0.009905564245857043,0.8263984199779064
1-1,regular,23,110909,5132.736451854474,13.088455026239313,0.19422416982892088,0.06744926930080251,0.8062745423372601
1-1,regular,24,55458,2556.3835785108254,7.635842381216,0.044101428176512414,0.015315339528791501,0.7853474123321601
1-1,regular,25,31182,1431.7501752026176,9.772355076892108,0.031230389311089013,0.010845544820029316,0.7820192001455936
1-2,regular,55,20723,950.3386345212778,9.758930593218995,1.9482887755997842,0.6766543137264387,0.26217601822842496
1-2,regular,56,34506,1608.0976011022399,7.624603950635523,0.14460332691897193,0.05022174647020414,0.7485744759404357
1-2,regular,57,62657,2896.3942128107687,9.748917287502907,0.011417974347420312,0.0039655423225549834,0.8619147940074906
1-2,regular,58,125160,5832.756948263485,7.615803382646175,1.2321442727321532,0.4279323207725559,0.5391693079142816
1-2,regular,59,286178,13612.458646922041,9.704906303747368,0.1167874944187286,0.04056111336134304,0.8118196403618234
1-2,regular,60,511864,26898.66091216696,7.725340330073841,0.2196748134919453,0.07629459863854902,0.80734334144918
1-2,regular,61,433826,21279.8245803244,9.66511413519606,0.14474220077279654,0.05026997833060959,0.7389276375854766
1-2,regular,62,258918,12385.477492135185,7.62007958748012,0.1908540969701562,0.06628496228310074,0.8392510726494916
1-2,regular,63,119760,5709.29953919255,9.738147151445117,0.030246265389839877,0.010504739444412832,0.8287797876879711
1-2,regular,64,60316,2819.689147595138,7.601998162551922,0.10889803043523472,0.037821047358664844,0.8283665695720367
1-3,regular,125,30563,1431.2891376140117,9.732769019282069,0.00638557943973872,0.002217502409526484,0.813551901935986
1-3,regular,126,54843,2557.2685278152076,7.591428399307912,0.09780400178733295,0.03396412364319713,0.7527472527472527
1-3,regular,127,105190,4944.570891134751,13.0405818084485,0.02320232537957878,0.008057406993583448,0.7986807424658681
1-3,regular,128,239279,11246.63180084775,7.627880550117764,0.050859269957173936,0.01766175720482553,0.8206203576524557
1-3,regular,129,440233,20198.023108942103,9.649661091901788,0.026885771713518025,0.00933654715587481,0.8373656540060803
1-3,regular,130,506127,28026.511581490293,7.695060655605661,0.019459104593542165,0.0067575091235844405,0.8323530801503083
1-3,regular,131,286452,13463.39687586919,9.715863208483544,0.02013284177670016,0.006991475961071874,0.8459861356531195
1-3,regular,132,136783,6428.932796371671,7.60036290802105,0.010761743451839223,0.0037372007130077756,0.8600082093608902
1-3,regular,133,67258,3161.379966711346,9.735690682877994,0.09875155983882777,0.03429317949195531,0.8306534757716015
1-3,regular,134,36236,1689.4660808501528,11.978870745569807,0.02076229094686255,0.0072100630234805205,0.6944367561583172
1-4,regular,197,83622,4027.2130271819237,9.718060368650299,0.0765396478393896,0.026580804823476998,0.8585027835242276
1-4,regular,198,193023,8934.280696499909,7.620582000559425,0.15264631496801861,0.05301124344995753,0.830841137040302
1-4,regular,199,372950,17261.39617491665,13.021278008746274,2.288925190095238,0.7949014066687495,0.38561523083945914
1-4,regular,200,549521,30810.350486320156,7.681069911621724,1.0920123735113112,0.3792357109616603,0.4085643504887795
1-4,regular,201,331596,15034.80562597744,9.667038896977571,0.9930987688776032,0.3448848445365591,0.5183977536722337
1-4,regular,202,166121,7620.948294301295,7.59417530751411,0.164161324819597,0.05701019351107478,0.8806877339111349
1-4,regular,203,79861,3677.9392227373664,9.709269088263593,0.07256823606748775,0.025201606928497187,0.8276899924755455
1-4,regular,204,41454,1931.9621946071338,11.954166029112733,0.2149864094210443,0.07466080586772748,0.8316497167428845
1-4,regular,205,24190,1141.6466619168925,9.714242266091468,0.009106369713819618,0.0031624738661116853,0.7700220853190748
1-4,regular,206,14319,679.2271939066575,7.580268912514837,0.5460627439672034,0.18963749675491426,0.2715785381026439
1-5,regular,264,15883,743.7451704888524,9.749781968588279,1.2417138616504086,0.43119340482481694,0.018187970560866254
1-5,regular,265,25175,1185.7293638081287,7.614272799013588,0.1497121088867086,0.05198852647788058,0.12790886021273148
1-5,regular,266,42881,2058.394086588288,9.734436596234126,0.03619816790053676,0.012570054782755758,0.09844020797227036
1-5,regular,267,83788,3838.0875637160366,9.629374463754505,0.18017737945764623,0.06256779449775415,0.7640815341937041
1-5,regular,268,173652,7913.340846836229,11.90760994900607,0.10765549747380021,0.03738408818448589,0.8647845468053492
1-5,regular,269,369313,16751.31694752406,9.606009714058354,0.05043449334074168,0.017513713566267335,0.8393225852667774
1-5,regular,270,629183,33351.15535712089,7.634196083821809,0.0726811828334224,0.025239024593785023,0.8431858903136042
1-5,regular,271,443753,20346.123069767404,12.984313119459287,0.17696369625496366,0.06145182161141526,0.8116843479322466
1-5,regular,272,251689,11907.932172358713,10.65127319002386,0.1402123191931519,0.04868966126456973,0.8069834676307878
1-5,regular,273,115983,5441.578491164136,12.982454729089905,0.11657350184666626,0.040480924572112,0.8663969181446818
2-1,regular,55,31544,1502.5496660867104,7.611677395025402,0.060156507727752384,0.02088963381535828,0.7935429847413472
2-1,regular,56,55592,2635.2446695520052,9.752617382781619,0.09288070845728669,0.03225326837396621,0.7934321754931135
2-1,regular,57,110258,5200.954672290767,7.623354771666001,0.030203736119903013,0.010488391218717745,0.8175999327712261
2-1,regular,58,233367,10961.309264986074,9.722029972223325,0.006957127044994849,0.002415895501025256,0.8434993240971379
2-1,regular,59,433279,20428.852138036786,7.696289722986325,0.06013474601423319,0.020882076956694407,0.8188984687807811
2-1,regular,60,516949,28835.05597031911,9.65237036009593,0.0667852069980821,0.023191481207430854,0.8491057868297052
2-1,regular,61,298655,14132.61698863577,7.635583918766221,0.06389135337274077,0.022186576753498614,0.8493911156097713
2-1,regular,62,146439,7016.1564915745475,9.734332908491666,0.08148629775192973,0.028296504988466427,0.8585835217414165
2-1,regular,63,70721,3374.6274231621715,7.608436551697347,0.18692770531589353,0.06491153594996285,0.7310244711737868
2-1,regular,64,38472,1843.4311336377486,9.74898525435832,0.024627443670707905,0.008551997107573331,0.8368205552007814
2-2,regular,135,31472,1435.6775763806957,7.589167452155054,0.014097281543838491,0.00489593206287608,0.757174097380283
2-2,regular,136,56429,2609.3430393161498,9.735316410884112,0.06583767373833105,0.022865172749674804,0.8083474424093171
2-2,regular,137,111837,5203.167603814388,7.607582303771196,0.15431195429043498,0.05359195262903833,0.7936457798660191
2-2,regular,138,249455,11731.896047924109,9.723493962324568,0.05888069458869438,0.020449040449731237,0.8223005011132285
2-2,regular,139,442881,20916.578406004184,7.693279964611296,0.07367338023067305,0.025586483701140538,0.8310991229920738
2-2,regular,140,505999,27325.67859293912,9.63701535089641,0.03763007436977084,0.01306878117333876,0.8710052192671857
2-2,regular,141,292315,13766.91838862058,7.62564444966468,0.00820164047709504,0.0028483984273934226,0.8713214804777568
2-2,regular,142,138901,6539.388159926871,9.728976049633587,0.0982722822561346,0.034129588466657756,0.8308509692335052
2-2,regular,143,67313,3156.5578073668585,7.59366665423787,0.16688980591140634,0.05796019248022626,0.8026104587310974
2-2,regular,144,37118,1719.65351262282,9.740874498257375,0.12058004071524664,0.04187698781817297,0.7977219915431794
2-3,regular,215,32866,1562.4608786202311,7.578639508129149,0.04837156563619871,0.016797171510295077,0.7712009857853276
2-3,regular,216,59334,2829.6721785089717,9.700362607375952,0.15074773297333444,0.052347603230075056,0.7620794956410383
2-3,regular,217,120194,5634.613504089943,7.594846106063284,0.13065917646110492,0.04537179162066833,0.7896455103981903
2-3,regular,218,262810,12407.612574627705,9.662618995495244,0.012485262246931583,0.004335544829993693,0.7970352456446773
2-3,regular,219,462501,24002.24852497557,7.681219859991039,0.018878588482138525,0.006555646575339627,0.821166738835053
2-3,regular,220,483677,25271.74972997856,9.610680707394708,0.10649809445805403,0.03698178329776546,0.7870065854854311
2-3,regular,221,279318,13169.346519488148,7.610895377193796,0.058863362814919995,0.020440479605543672,0.8305866919662204
2-3,regular,222,132742,6335.847142659339,9.700472714218908,0.026317416170551056,0.0091388018417528,0.8388968997837059
2-3,regular,223,66007,3137.9147606468555,7.580845126283214,0.17410230347015698,0.06045754800909697,0.7988085691373582
2-3,regular,224,34982,1669.8491245505536,9.709348822735492,0.07233167236124771,0.02511739056403688,0.7901569544164301
2-4,regular,296,45691,2168.6877582247275,9.702884641484019,0.09051171546755654,0.0314316785473168,0.8274883960804539
2-4,regular,297,86092,4036.7642482946644,7.557254746245076,0.3765345581096877,0.13075780446015212,0.6731334001312925
2-4,regular,298,187396,8786.292166441865,9.688091087506207,0.013621124071599766,0.004730158864629028,0.8287197378337412
2-4,regular,299,365511,17067.78215376021,7.635099507724975,0.018674191788553784,0.006484919553194844,0.8058979109330451
2-4,regular,300,557155,30767.093190630523,9.585546993377209,0.04286362268298838,0.014885096394268339,0.8402063369763906
2-4,regular,301,343530,15995.416330871787,7.620671530370869,0.11793571093678779,0.04095511101812134,0.7552735788801362
2-4,regular,302,184783,8537.155121469801,9.702283175067471,0.07079971711859656,0.024586363634996583,0.8173533204101503
2-4,regular,303,85974,4024.3711540768973,7.579946321402434,0.013325808292044883,0.004627605613870605,0.8240602033802717
2-4,regular,304,45289,2113.2920722545537,9.729323404738318,0.020768458255384203,0.007212187951962888,0.8079090492104056
2-4,regular,305,26129,1225.2512723948576,7.569627502146174,1.1979231391408618,0.4159984686994984,0.44502705416411
2-5,regular,353,13220,592.4895516160686,7.635312400005554,0.1695317262615319,0.05888328305564628,0.5660480349344978
2-5,regular,354,20301,920.3790272388385,9.772268326961385,0.16883613389876473,0.05864168366365414,0.7147038327526133
2-5,regular,355,33798,1550.6030845753157,7.610013964530389,0.009315641368255356,0.003235592296663443,0.7788974017321786
2-5,regular,356,60704,2797.1911829516866,9.766818386131863,0.040280273079078555,0.013990506518025704,0.8092672157998433
2-5,regular,357,123233,5727.296610693561,7.632936595166263,0.10614456001309769,0.03686708269829298,0.8347975249647737
2-5,regular,358,275183,12749.079094469613,9.731210473552146,0.020120196373445864,0.006988327461286686,0.8358671466349794
2-5,regular,359,490615,24115.178397507698,7.726537280910169,0.16670774529727872,0.05790243260287998,0.8191558553607884
2-5,regular,360,453514,23771.48701576677,9.685012782886618,0.04124500603985837,0.014325586241776498,0.8465166167256878
2-5,regular,361,273246,12667.444335930239,7.646359800038448,0.15340053128902476,0.05328045141735672,0.8191014578994347
2-5,regular,362,127337,5841.487597161677,9.763263058415989,0.00029593149801598884,0.00010278558796643872,0.8362995553584558
3-1-1,regular,26,255951,10701.512976158008,9.252531402863944,0.07092142650864197,0.023354544847667923,0.02817089042148735
3-1-1,regular,27,289471,12583.715472463522,9.12519259922463,2.0853589866662263,0.6867122162531399,0.24218549436541167
3-1-1,regular,28,304864,13423.069932487007,8.992828013553849,1.9362821967629689,0.6376209789933007,0.40029227254010674
3-1-1,regular,29,349172,15494.72663604204,8.9804135209479,1.9636093718069034,0.6466198636258014,0.40115529216615453
3-1-1,regular,30,421136,18879.334354599974,8.968214211285364,1.9793258676918484,0.6517953321134298,0.40501331146339115
3-1-1,regular,31,473669,20529.163769933017,8.977438015905342,2.032098904927648,0.6691735818969553,0.3841377128872759
3-1-1,regular,32,513919,22689.556493155003,8.94787334455259,1.9309047909719972,0.6358501902360546,0.38670029909617387
3-1-1,regular,33,573810,25532.09875861236,8.905738554846518,2.0984980526431807,0.6910389327437884,0.35539301988400995
3-1-1,regular,34,636548,28194.628244861546,8.857044816111479,2.110955770326222,0.6951412800970628,0.33781969476295975
3-1-1,regular,35,690361,30276.46756744812,8.862762422644348,1.7566405131038048,0.5784646708920065,0.4266702872672756
3-1-2,regular,38,661450,26455.954745580286,9.247074188156404,0.5340687318341306,0.17587033062490312,0.040745515642889724
3-1-2,regular,39,531305,22395.875039907827,9.276662281458483,0.29101377464350087,0.09583165183100269,0.05098125550383696
3-1-2,regular,40,497659,21554.970988233064,9.278778638365178,0.5882065856084093,0.19369807764522884,0.08096614542942147
3-1-2,regular,41,440990,19405.506455976963,9.377016649212573,0.22055204361997482,0.07262840626941976,0.0332782525219143
3-1-2,regular,42,422677,18372.090490229686,9.30387750838065,0.9421595816925148,0.3102557915432221,0.05717772079948102
3-1-2,regular,43,365329,15632.471261221475,9.24195026529861,0.07894636379988818,0.02599725892103409,0.0741909913918981
3-1-2,regular,44,299031,12745.68183778142,8.979276001094886,0.08653593257759162,0.02849652519646491,0.8276989957030497
3-1-2,regular,45,268051,11605.394902008566,8.992630848008687,0.15148980748539032,0.049886018298171186,0.8523465110544917
3-1-2,regular,46,243555,10755.762159815073,8.994681886058125,0.04217161729988028,0.013887231802629284,0.5838139373462492
3-1-2,regular,47,202356,8524.794205605396,8.98276494829901,0.07735037101322284,0.025471694022108374,0.5344999939780077
3-1-3,regular,79,190444,7387.279610792462,9.452928767739309,1.3209145069621915,0.43892813771684985,0.028325574270548198
3-1-3,regular,80,177772,7367.056387509624,9.374139510608446,1.2934253472327057,0.4297937345258267,0.042096350491739216
3-1-3,regular,81,174841,7516.0829680288925,9.306271078915293,1.728864512809162,0.5744862948906918,0.08573567391548452
3-1-3,regular,82,168740,7398.349385059905,9.243546911511,2.932819765866519,0.9745499131896542,0.19594757891618395
3-1-3,regular,83,184553,7931.340040188743,9.230013037763843,1.8629885590390103,0.6190545220730139,0.12001426392819478
3-1-3,regular,84,179921,7637.70877599955,9.170664269866723,1.385461964740795,0.4603766836203058,0.09684075413365721
3-1-3,regular,85,205840,8782.876696969171,9.13751085688304,0.2741122309534294,0.09108505540945172,0.08522653148703804
3-1-3,regular,86,252413,10748.065324115692,9.11605225602923,0.18527719443803825,0.06156596319251306,0.19200039799014976
3-1-3,regular,87,281707,11859.389780345313,8.933555487471162,0.038088559466388006,0.01265648941455505,0.826976994110943
3-1-3,regular,88,290023,11980.107660066777,8.936464086061134,0.11085892482303628,0.03683743434219119,0.6790738468451342
4-1,complex,110,14730,300.5905430397984,16.672812935179017,5.979579116992372,1.7767470645704877,0.0006374647117748838
4-1,complex,111,23001,511.7983641815595,19.091151608755492,1.046695931268495,0.31101083989245315,0.717517368088649
4-1,complex,112,40320,893.8677859423284,5.843783933136811,4.052190247628365,1.2040508180743317,0.0
4-1,complex,113,77357,1656.1473017343487,,,,0.0
4-1,complex,114,172805,3700.895630870491,1.8128825175760883,0.15919787862988244,0.047303390089395346,0.7097235422951361
4-1,complex,115,438526,9326.80391253769,19.47034325882605,10.523696247925265,3.126966973946056,0.16544194481335914
4-1,complex,116,579860,12961.984973906632,16.71705998681363,10.895317395323284,3.237388923359756,0.22628706412740565
4-1,complex,117,331944,7235.639475325878,10.702496568006946,4.8664250180465345,1.4459891234143514,0.09198350663619767
4-1,complex,118,132083,2582.830122340967,4.408793038788427,1.8445941123389122,0.5480949595781304,0.095750175612578
4-1,complex,119,61911,1065.612287960858,17.684352623564855,8.168070884197967,2.4270263312448646,0.042944254638238984
4-2,complex,140,22123,499.8690129168413,19.11932098482471,0.3468109712644676,0.10304231807807746,0.0434412265758092
4-2,complex,141,37287,850.8911189387937,16.677011074362753,0.1143157748528516,0.03396479180223753,0.07345546608530538
4-2,complex,142,72595,1673.274309903484,6.905284591960702,0.051442800579437176,0.015284364853876705,0.13265248653012185
4-2,complex,143,154150,3518.510269664745,4.056015259127005,0.058861805000484324,0.017488653289703726,0.18801141597875762
4-2,complex,144,406941,9353.017238198447,17.85801332368061,0.0004814500713905545,0.00014304544984278405,0.033579091059027476
4-2,complex,145,649243,15036.801330645763,4.104984644931239,0.1630874178654338,0.04845551893860776,0.1990167511281
4-2,complex,146,363072,8328.074019401289,17.862785785874145,0.1131207737752149,0.03360974051681672,0.03884174845470457
4-2,complex,147,139006,3161.7054378209587,8.03472091893375,0.1574623661266692,0.046784238562562724,0.12174331808331326
4-2,complex,148,64676,1424.8659628283613,14.213492000240082,0.15537204107081592,0.04616317418704285,0.08858588638817726
4-2,complex,149,34982,741.8635224533667,20.317329075285823,0.39288254198025996,0.1167308165322776,0.33356985472607087
4-3,complex,170,22464,482.1563773570995,3.174735336249148,4.258825714572369,1.2652671154650756,0.00041113590978503466
4-3,complex,171,38867,840.0532371710884,20.36494130111999,7.407395925915214,2.2006851429071865,0.007209585702680747
4-3,complex,172,74309,1631.93231823996,6.963863656055464,0.845671106863005,0.25124292791590586,0.23274377556145512
4-3,complex,173,164599,3701.0528268757002,16.759420220626925,9.085885447841768,2.6993525545553316,0.0
4-3,complex,174,429351,9653.913522993376,,,,0.0
4-3,complex,175,648492,14905.539131569116,9.424391904983416,0.03277827040506054,0.009738193207446047,0.5462333599732019
4-3,complex,176,353514,8034.345042803709,19.22870871521272,1.3544898173531763,0.40240938206633164,0.5389723366003596
4-3,complex,177,128460,2896.217233619608,9.381347599538849,0.018224439035110507,0.005414352442276155,0.4834913334924182
4-3,complex,178,60580,1348.1159937126608,6.98658054683524,1.1894658503928568,0.35338192411142144,0.41659589119706186
4-3,complex,179,34026,733.6484714866173,20.508899985236617,0.6355234124592073,0.18880952844381035,0.30975078014790747
4-4,complex,210,17860,304.63961467665547,9.458675704050126,,,0.0
4-4,complex,211,29486,534.3606174587063,19.204814539350746,,,0.5434403895117702
4-4,complex,212,53888,1039.460141744688,16.708482976178953,,,0.12323847735096713
4-4,complex,213,109064,2276.0911981616464,6.919678437884462,,,0.4666247232338387
4-4,complex,214,269369,5899.5601054829385,4.235778717500972,,,0.3567014748627409
4-4,complex,215,627874,14043.701146086752,13.975885646069417,,,0.5008578500688166
4-4,complex,216,503637,10787.63185203888,4.210243104790617,,,0.059928433051133635
4-4,complex,217,204377,4116.152262926191,17.964491579158704,,,0.42588807926454975
4-4,complex,218,90818,1689.6949461508357,15.428153391114002,,,0.4589326933365945
4-4,complex,219,45028,789.8050773605139,9.337195477939844,,,0.4498832378006248
4-5,complex,240,20868,474.2078891506909,19.16862342266934,,,0.11642658913704242
4-5,complex,241,34633,777.2912971236963,16.72585860535089,,,0.1386928860613071
4-5,complex,242,66908,1495.5429204546654,6.958813644512116,,,0.0
4-5,complex,243,142138,3201.8611894966784,16.74957300667317,,,0.19023339184382343
4-5,complex,244,377275,8532.499674469393,10.524742255195138,,,0.6527551613518682
4-5,complex,245,654274,15818.925537298863,13.183559445207472,,,0.21652812338697872
4-5,complex,246,396628,9266.47367791674,6.967958914217855,,,0.4369810317596835
4-5,complex,247,152699,3510.2231703790817,20.359019413749884,,,0.32361888926447346
4-5,complex,248,70847,1571.8142980286927,3.1038498825723444,,,0.4897899763189565
4-5,complex,249,36721,781.352540121215,5.932129988589365,,,0.4521850170261067
4-6,complex,274,189407,3818.8413217776474,3.3324517721600126,,,0.11052619079660869
4-6,complex,275,496436,10910.185796960463,20.24727126114778,,,0.13593844881716818
4-6,complex,276,637006,14616.07147850151,14.080332848959737,,,0.12999758598491815
4-6,complex,277,293890,6711.862886837065,4.274887868405241,,,0.017401318826565072
4-6,complex,278,118215,2615.1993665787395,14.097708770355684,,,0.15015303891560997
4-6,complex,279,56060,1253.4544207830072,20.15045971338963,,,0.17501742244010285
4-6,complex,280,31254,708.2779656866823,16.457521968076918,,,0.0006525143553158169
4-6,complex,281,18340,418.01908673230747,6.894497916871346,,,0.0
4-6,complex,282,11882,266.35941255245285,20.027675854350264,,,0.2526527420976209
4-6,complex,283,7938,165.38619054743435,14.035107141417177,,,0.0
4-7,complex,300,23201,525.6448684155158,20.338667829245484,1.6078931667062548,0.47770230416653897,0.3894136408243376
4-7,complex,301,40083,893.8644474446005,6.934241530964272,0.09920407138211829,0.02947335958832231,0.2532641621113471
4-7,complex,302,75513,1669.90294317047,20.327830450903047,0.20274991762616423,0.060236653047042184,0.45825951967856815
4-7,complex,303,163668,3577.0511897226306,3.04963099596858,0.18493006156999137,0.05494240435302743,0.4527283754615673
4-7,complex,304,430908,9490.960050169491,9.399838641264632,0.009751127600260645,0.0028970432982239522,0.553296868425798
4-7,complex,305,650935,15338.504689052535,6.970948953529894,0.062961620707215,0.018705789606350765,0.48637196344204975
4-7,complex,306,356185,8096.020269534708,16.76197460039415,0.11341140833441088,0.0336943350478321,0.5460754385057174
4-7,complex,307,135120,2999.2998826631556,6.9625539440515904,8.570264846824568,2.5462109979807654,0.0006776789495976281
4-7,complex,308,63681,1365.4948468752314,13.181770506420229,0.2776870799407991,0.08250035554086767,0.2188401769873672
4-7,complex,309,33996,704.7697360878334,15.470143561302864,5.219007047453056,1.550558049286865,0.00552078068504335
4-8,complex,330,20308,453.79695841802516,10.405998740450114,1.1160779297995944,0.33173649315728015,0.1470845383011635
4-8,complex,331,36935,822.291552088613,20.332165076411584,0.8816495494548136,0.2620563689332639,0.5336372734348938
4-8,complex,332,66568,1479.9105554665439,3.075601678749325,0.8689899302359958,0.25829349756718356,0.2322182851880768
4-8,complex,333,139769,3144.31683144546,0.9890848047695762,5.126445535000435,1.5237547654474364,0.12379331592382853
4-8,complex,334,365463,8153.938612989649,17.911682898923637,7.816473599538089,2.323323014937528,0.0
4-8,complex,335,642983,14918.307607869898,20.52300492122628,9.753132394224524,2.8989641774743093,0.0
4-8,complex,336,412530,9197.662833126606,10.529496424998406,5.3155465976408705,1.579962062176185,0.03044252584304464
4-8,complex,337,157262,3495.0324040962664,13.18379675335274,1.0498871143253066,0.31206232129313116,0.3941227240286146
4-8,complex,338,72214,1562.4931560217574,19.141285825372723,0.3723150673162756,0.11066475869054754,0.3330605564648118
4-8,complex,339,38425,797.0973789540194,5.989091248118838,10.343618339789497,3.074476775304784,0.0
4-9,complex,360,21212,457.6020866110914,16.36823498491612,0.0701175177825526,0.021112976042971406,0.03635227982510931
4-9,complex,361,35133,706.6584523037689,6.745153520130307,6.439098308182775,1.9388668141476741,0.043171871522884056
4-9,complex,362,66135,1310.9980797567275,9.273190372911287,0.08977707060899576,0.02703263322660759,0.0949398747473939
4-9,complex,363,142468,2842.100474943792,20.054470793644043,7.384705932506444,2.22359724599654,0.011963662908589504
4-9,complex,364,371429,7621.141686110974,6.763113523168324,7.644055526726866,2.301689596420454,0.0
4-9,complex,365,642391,14643.618407840699,20.53760509854925,0.22290545480213098,0.06711871264011122,0.05372794038177486
4-9,complex,366,396950,8609.05996486837,3.200120435391496,7.4492356326461575,2.2430276830142195,0.0
4-9,complex,367,154165,2880.9671905828773,16.431062212577174,0.570345472428265,0.17173583259091801,0.0619160398719517
4-9,complex,368,70531,1118.151201057896,3.165854855675618,11.361820995397306,3.4211401382500575,0.0
4-9,complex,369,37038,510.61704675478734,5.833777272811153,7.850253987212653,2.363777692149041,0.00010518565267697486
4-10,complex,390,19042,422.3230921088576,4.804418563914713,,,0.22671979865771813
4-10,complex,391,33003,731.6699092852762,16.769127450833743,,,0.11294833826916749
4-10,complex,392,61496,1352.8011954136737,3.201197377402202,,,0.6648330313228061
4-10,complex,393,127538,2805.7693943693575,16.774408292313566,,,0.24804326613656652
4-10,complex,394,329659,7398.300161040124,,,,0.002429863246388133
4-10,complex,395,643601,14626.147088765747,9.316811106061838,,,0.2067767873198551
4-10,complex,396,440114,9971.92231580791,3.1391254678073333,,,0.4750754197271773
4-10,complex,397,173791,3758.5771244316948,16.73977513830247,,,0.2489258202129945
4-10,complex,398,78164,1589.439640989257,6.944604894448058,,,0.0
4-10,complex,399,40724,767.8872323192694,16.75691393526127,,,0.0
5-1,complex,110,17010,396.52621709500363,19.02898493645288,1.6537668930161686,0.4979794701681454,0.09312320916905444
5-1,complex,111,27165,640.2430736738245,12.67219655386197,0.7822271952792192,0.23554292077151384,0.17945925469955964
5-1,complex,112,50023,1196.8946230080699,6.578097318875639,3.2319683745132206,0.9732048123208863,0.07798818440763794
5-1,complex,113,97333,2288.3252632929,9.028340855954127,0.472254961354146,0.1422046096294155,0.09330018679266015
5-1,complex,114,228332,5385.803712627416,19.073500623197795,9.220888862459073,2.7765783494625977,0.2893947263894406
5-1,complex,115,544152,12831.784405540766,5.257156061986712,4.922788878409493,1.4823418026884099,0.1934009647970504
5-1,complex,116,591746,13828.828243895798,5.1559033807873735,5.333437707395907,1.60599567866537,0.1668034557787647
5-1,complex,117,245357,5803.155450323434,21.39206462878808,10.763166752348617,3.2409864408947024,0.0003687453572821864
5-1,complex,118,105279,2479.9395373247535,8.130352091684571,2.4332271303308257,0.732689209269988,0.5589275191514437
5-1,complex,119,51030,1202.231445220887,5.853132229652208,4.704218246695008,1.4165261863309044,0.09171776057895266
5-2,complex,140,19803,456.04384402849695,16.87281878673849,0.9896750183212788,0.2940370548830521,0.3354498784112402
5-2,complex,141,32510,760.6260735019574,19.280053911317857,0.8562405221814622,0.2543930449419839,0.02363092230556959
5-2,complex,142,60380,1401.278641539987,5.929542810241626,8.371816113622156,2.4873055381830596,0.02243368928694454
5-2,complex,143,124231,2871.4259657405464,8.242706982885602,0.06494943381634322,0.01929677912661995,0.12397439932850697
5-2,complex,144,317141,7421.680263936422,14.363323684466105,0.12060869651663175,0.0358334051688892,0.08697181264002501
5-2,complex,145,643058,14992.628646152969,19.209584010305115,8.663871562360754,2.574076571522175,0.08645809398864981
5-2,complex,146,455568,10542.948635482886,5.560679749351136,0.23305496438225148,0.069241714789436,0.05338092457937477
5-2,complex,147,185636,4246.393279610596,19.312258229168165,0.025179409477871673,0.007480919766092686,0.03285788401242133
5-2,complex,148,82998,1892.9265831526413,9.169966124451513,0.07435157558080974,0.022090199211837473,0.10636333243118462
5-2,complex,149,43113,984.4575864076426,19.351606386823114,9.229028817977506,2.741987422974416,0.14716533276528407
5-3,complex,190,20512,458.7583311662576,15.697489027693416,,,0.0
5-3,complex,191,34259,774.91473049937,6.046018528668822,,,0.5122853872567722
5-3,complex,192,64773,1476.745167559039,3.2987902156027054,,,0.4454130082327922
5-3,complex,193,134690,3076.729826951003,16.957979090321494,,,0.2840195465767879
5-3,complex,194,350520,8023.036878861474,7.172680593973311,,,0.16703606973953555
5-3,complex,195,645007,15245.168970683331,13.150531391853722,,,0.17250649255832873
5-3,complex,196,434780,10132.530406065265,3.239379289718377,,,0.1070565543343766
5-3,complex,197,173364,3945.4654736952943,20.57982377512629,,,0.3805487127469449
5-3,complex,198,78678,1801.2729238510146,18.27262867938998,,,0.3030510859052141
5-3,complex,199,41198,943.2566856734285,4.307295583840317,,,0.31243838056165124
5-4,complex,220,20779,443.80474946757414,9.552331646084095,,,0.17122123430962344
5-4,complex,221,33820,727.5150803563671,3.292539577600052,,,0.28420023464998045
5-4,complex,222,63380,1381.8277919604648,6.008593017822747,,,0.42231026371177416
5-4,complex,223,133067,2935.0429969337124,8.24900064208307,,,0.4355031463169584
5-4,complex,224,344828,7843.609411616809,18.296982143633734,,,0.666805217904042
5-4,complex,225,643270,15382.836060673124,15.593671001270744,,,0.09169102983600844
5-4,complex,226,429760,9514.53938254571,18.281764760604737,,,0.41038159433198085
5-4,complex,227,166891,3585.9557941424014,4.299926958310954,,,0.11222124857706765
5-4,complex,228,76288,1612.6796971865676,2.106095914943265,,,0.1766502718094745
5-4,complex,229,40604,841.8619722842567,4.250880997530112,,,0.10522614671567844
5-5,complex,250,18556,439.3132773473238,21.20943152664539,6.13082904550906,1.846150964930391,0.024468540447995433
5-5,complex,251,29625,700.9224977929287,15.09492569260692,0.04570228977115676,0.013762139791249657,0.12797436122574413
5-5,complex,252,55406,1309.7664156854016,2.115107420179607,0.10210618488263457,0.030746809338048464,0.4164565775888977
5-5,complex,253,112335,2664.4081147919173,8.165230167573418,0.0900806503055609,0.027125610296536953,0.501709532257875
5-5,complex,254,271872,6445.220615624302,10.573546411412474,0.18318993025707186,0.05516321919909983,0.4168603765923971
5-5,complex,255,614948,14576.262833416178,16.65609208858941,0.27652283688918544,0.08326816787074029,0.44094947192943584
5-5,complex,256,507823,11980.7617891772,6.98452600284781,0.19572982829175167,0.05893930636202782,0.4627661489714107
5-5,complex,257,210373,4983.638387000597,20.20275664204918,0.03737962808913409,0.011255971411573437,0.4535956081679358
5-5,complex,258,91547,2168.8036473167654,3.209770196747014,0.10408585157505001,0.031342938107471664,0.39764661114932603
5-5,complex,259,46447,1078.274705066104,9.34211593004368,0.07628424473626261,0.02297115626344196,0.30070529663946893
5-6,complex,280,19823,406.30261658151846,19.3602651988707,9.997748906604256,2.97029839873881,0.003541510590478785
5-6,complex,281,32800,615.9677497709201,2.0690231497061395,0.21017622652086665,0.06244266733639492,0.19381492920460472
5-6,complex,282,61112,1116.999619721806,4.196615062156838,1.7224649957064795,0.5117386990236326,0.3284363094977449
5-6,complex,283,125168,2324.8211266194403,10.956655513084339,2.498748522000998,0.7423699877927251,0.06845294137193872
5-6,complex,284,322557,6260.737867904289,13.641662730452916,7.4662429288711865,2.218196278321364,0.0
5-6,complex,285,649420,13844.713360631878,2.8508996506830395,0.4903698050719001,0.1456872602424303,0.3049820223612274
5-6,complex,286,453257,9445.333261757312,16.966084943137066,6.086309763923202,1.8082226624102857,0.0
5-6,complex,287,180395,3136.708251680645,14.630673600428084,3.5739707535059075,1.0618149850978391,0.16488370855287668
5-6,complex,288,81888,1166.8491457300615,4.167647510442913,4.436263750232525,1.3179994053455666,0.08513083160970485
5-6,complex,289,41745,502.93711626968945,16.479656452912824,8.122469929874379,2.413159167317443,0.050806273470289376
5-7,complex,315,874469,20609.346182575686,4.173119699663986,5.514554959132301,1.6604952977568979,0.680587463841582
5-7,complex,316,715583,16867.029589459504,10.679924336953572,0.9766238405267611,0.2940725601413057,0.24513813645337706
5-7,complex,317,298994,7050.131186491075,19.060708741606035,0.8423473206642278,0.25364037087430813,0.12037037037037036
5-7,complex,318,129994,3029.3161317829736,16.22240315167495,0.9161839529632942,0.27587342170858553,0.14479188454298264
5-7,complex,319,68190,1613.9719235234122,6.585985861810166,0.029206515868684946,0.008794414530858982,0.12463798096814233
5-7,complex,320,35097,833.0148423570823,20.20131963255499,9.538036062874582,2.8720112773580917,0.12176780025190784
5-7,complex,321,22231,525.5108092069191,3.086852038998447,9.025294514641164,2.7176189581018977,0.044755244755244755
5-7,complex,322,14721,339.9179025281801,19.91359178489123,9.207477443604537,2.7724763127056966,0.21150228433216878
5-7,complex,323,9947,226.8990343653884,17.26152836718917,1.3779140883262322,0.4149056236332631,0.13369397217928902
